2026/09/09 13:33:47.921, 14, 10240
2026/09/09 13:33:48.121, 14, 10240
2026/09/09 13:33:48.321, 14, 10240
2026/09/09 13:33:48.521, 14, 10240
2026/09/09 13:33:48.721, 14, 10240
2026/09/09 13:33:48.921, 14, 10240
2026/09/09 13:33:49.122, 14, 10240
2026/09/09 13:33:49.323, 14, 10240
2026/09/09 13:33:49.523, 14, 10240
2026/09/09 13:33:49.724, 14, 10240
2026/09/09 13:33:49.925, 14, 10240
2026/09/09 13:33:50.125, 14, 10240
2026/09/09 13:33:50.325, 14, 10240
2026/09/09 13:33:50.525, 14, 10240
2026/09/09 13:33:50.725, 14, 10240
2026/09/09 13:33:50.925, 14, 10240
2026/09/09 13:33:51.126, 14, 10240
2026/09/09 13:33:51.326, 14, 10240
2026/09/09 13:33:51.526, 14, 10240
2026/09/09 13:33:51.726, 14, 10240
2026/09/09 13:33:51.926, 14, 10240
2026/09/09 13:33:52.126, 14, 10240
2026/09/09 13:33:52.326, 14, 10240
2026/09/09 13:33:52.526, 14, 10240
2026/09/09 13:33:52.727, 14, 10240
2026/09/09 13:33:52.927, 14, 10240
2026/09/09 13:33:53.127, 14, 10240
2026/09/09 13:33:53.327, 14, 10240
2026/09/09 13:33:53.527, 14, 10240
2026/09/09 13:33:53.727, 14, 10240
2026/09/09 13:33:53.928, 14, 10240
2026/09/09 13:33:54.129, 14, 10240
2026/09/09 13:33:54.329, 14, 10240
2026/09/09 13:33:54.530, 14, 10240
2026/09/09 13:33:54.731, 14, 10240
2026/09/09 13:33:54.931, 14, 10240
2026/09/09 13:33:55.131, 14, 10240
2026/09/09 13:33:55.332, 14, 10240
2026/09/09 13:33:55.532, 14, 10240
2026/09/09 13:33:55.732, 14, 10240
2026/09/09 13:33:55.932, 14, 10240
2026/09/09 13:33:56.132, 14, 10240
2026/09/09 13:33:56.333, 14, 10240
2026/09/09 13:33:56.533, 14, 10240
2026/09/09 13:33:56.733, 14, 10240
2026/09/09 13:33:56.933, 14, 10240
2026/09/09 13:33:57.133, 14, 10240
2026/09/09 13:33:57.333, 14, 10240
2026/09/09 13:33:57.534, 14, 10240
2026/09/09 13:33:57.734, 14, 10240
2026/09/09 13:33:57.934, 14, 10240
2026/09/09 13:33:58.134, 14, 10240
2026/09/09 13:33:58.334, 14, 10240
2026/09/09 13:33:58.535, 14, 10240
2026/09/09 13:33:58.735, 14, 10240
2026/09/09 13:33:58.935, 14, 10240
2026/09/09 13:33:59.136, 14, 10240
2026/09/09 13:33:59.336, 14, 10240
2026/09/09 13:33:59.537, 14, 10240
2026/09/09 13:33:59.737, 14, 10240
2026/09/09 13:33:59.938, 14, 10240
2026/09/09 13:34:00.138, 14, 10240
2026/09/09 13:34:00.338, 14, 10240
2026/09/09 13:34:00.538, 14, 10240
2026/09/09 13:34:00.739, 14, 10240
2026/09/09 13:34:00.939, 14, 10240
2026/09/09 13:34:01.139, 14, 10240
2026/09/09 13:34:01.339, 14, 10240
2026/09/09 13:34:01.539, 14, 10240
2026/09/09 13:34:01.740, 14, 10240
2026/09/09 13:34:01.940, 14, 10240
2026/09/09 13:34:02.140, 14, 10240
2026/09/09 13:34:02.340, 14, 10240
2026/09/09 13:34:02.540, 14, 10240
2026/09/09 13:34:02.740, 14, 10240
2026/09/09 13:34:02.940, 14, 10240
2026/09/09 13:34:03.141, 14, 10240
2026/09/09 13:34:03.341, 14, 10240
2026/09/09 13:34:03.541, 14, 10240
2026/09/09 13:34:03.741, 14, 10240
2026/09/09 13:34:03.942, 14, 10240
2026/09/09 13:34:04.142, 14, 10240
2026/09/09 13:34:04.346, 14, 10240
2026/09/09 13:34:04.548, 14, 10240
2026/09/09 13:34:04.749, 14, 10240
2026/09/09 13:34:04.949, 14, 10240
2026/09/09 13:34:05.149, 14, 10240
2026/09/09 13:34:05.349, 14, 10240
2026/09/09 13:34:05.550, 14, 10240
2026/09/09 13:34:05.750, 14, 10240
2026/09/09 13:34:05.950, 14, 10240
2026/09/09 13:34:06.150, 14, 10240
2026/09/09 13:34:06.350, 14, 10240
2026/09/09 13:34:06.551, 14, 10240
2026/09/09 13:34:06.751, 14, 10240
2026/09/09 13:34:06.951, 14, 10240
2026/09/09 13:34:07.151, 14, 10240
2026/09/09 13:34:07.351, 14, 10240
2026/09/09 13:34:07.552, 14, 10240
2026/09/09 13:34:07.752, 14, 10240
2026/09/09 13:34:07.952, 14, 10240
2026/09/09 13:34:08.152, 14, 10240
2026/09/09 13:34:08.352, 14, 10240
2026/09/09 13:34:08.553, 14, 10240
2026/09/09 13:34:08.753, 14, 10240
2026/09/09 13:34:08.953, 14, 10240
2026/09/09 13:34:09.154, 14, 10240
2026/09/09 13:34:09.355, 14, 10240
2026/09/09 13:34:09.555, 14, 10240
2026/09/09 13:34:09.756, 14, 10240
2026/09/09 13:34:09.956, 14, 10240
2026/09/09 13:34:10.157, 14, 10240
2026/09/09 13:34:10.357, 14, 10240
2026/09/09 13:34:10.557, 14, 10240
2026/09/09 13:34:10.757, 14, 10240
2026/09/09 13:34:10.957, 14, 10240
2026/09/09 13:34:11.158, 14, 10240
2026/09/09 13:34:11.358, 14, 10240
2026/09/09 13:34:11.558, 14, 10240
2026/09/09 13:34:11.758, 14, 10240
2026/09/09 13:34:11.958, 14, 10240
2026/09/09 13:34:12.158, 14, 10240
2026/09/09 13:34:12.359, 14, 10240
2026/09/09 13:34:12.559, 14, 10240
2026/09/09 13:34:12.759, 14, 10240
2026/09/09 13:34:12.959, 14, 10240
2026/09/09 13:34:13.159, 14, 10240
2026/09/09 13:34:13.359, 14, 10240
2026/09/09 13:34:13.560, 14, 10240
2026/09/09 13:34:13.760, 14, 10240
2026/09/09 13:34:13.960, 14, 10240
2026/09/09 13:34:14.160, 14, 10240
2026/09/09 13:34:14.360, 14, 10240
2026/09/09 13:34:14.561, 14, 10240
2026/09/09 13:34:14.761, 14, 10240
2026/09/09 13:34:14.961, 14, 10240
2026/09/09 13:34:15.161, 14, 10240
2026/09/09 13:34:15.361, 14, 10240
2026/09/09 13:34:15.561, 14, 10240
2026/09/09 13:34:15.761, 14, 10240
2026/09/09 13:34:15.962, 14, 10240
2026/09/09 13:34:16.162, 14, 10240
2026/09/09 13:34:16.362, 14, 10240
2026/09/09 13:34:16.562, 14, 10240
2026/09/09 13:34:16.763, 14, 10240
2026/09/09 13:34:16.963, 14, 10240
2026/09/09 13:34:17.163, 14, 10240
2026/09/09 13:34:17.363, 14, 10240
2026/09/09 13:34:17.564, 14, 10240
2026/09/09 13:34:17.764, 14, 10240
2026/09/09 13:34:17.964, 14, 10240
2026/09/09 13:34:18.164, 14, 10240
2026/09/09 13:34:18.365, 14, 10240
2026/09/09 13:34:18.565, 14, 10240
2026/09/09 13:34:18.765, 14, 10240
2026/09/09 13:34:18.965, 14, 10240
2026/09/09 13:34:19.165, 14, 10240
2026/09/09 13:34:19.366, 14, 10240
2026/09/09 13:34:19.566, 14, 10240
2026/09/09 13:34:19.766, 14, 10240
2026/09/09 13:34:19.966, 14, 10240
2026/09/09 13:34:20.166, 14, 10240
2026/09/09 13:34:20.367, 14, 10240
2026/09/09 13:34:20.567, 14, 10240
2026/09/09 13:34:20.767, 14, 10240
2026/09/09 13:34:20.967, 14, 10240
2026/09/09 13:34:21.167, 14, 10240
2026/09/09 13:34:21.367, 14, 10240
2026/09/09 13:34:21.568, 14, 10240
2026/09/09 13:34:21.768, 14, 10240
2026/09/09 13:34:21.968, 14, 10240
2026/09/09 13:34:22.169, 14, 10240
2026/09/09 13:34:22.369, 14, 10240
2026/09/09 13:34:22.570, 14, 10240
2026/09/09 13:34:22.771, 14, 10240
2026/09/09 13:34:22.971, 14, 10240
2026/09/09 13:34:23.171, 14, 10240
2026/09/09 13:34:23.372, 14, 10240
2026/09/09 13:34:23.572, 14, 10240
2026/09/09 13:34:23.772, 14, 10240
2026/09/09 13:34:23.972, 14, 10240
2026/09/09 13:34:24.172, 14, 10240
2026/09/09 13:34:24.373, 14, 10240
2026/09/09 13:34:24.573, 14, 10240
2026/09/09 13:34:24.773, 14, 10240
2026/09/09 13:34:24.973, 14, 10240
2026/09/09 13:34:25.173, 14, 10240
2026/09/09 13:34:25.374, 14, 10240
2026/09/09 13:34:25.574, 14, 10240
2026/09/09 13:34:25.774, 14, 10240
2026/09/09 13:34:25.974, 14, 10240
2026/09/09 13:34:26.174, 14, 10240
2026/09/09 13:34:26.375, 14, 10240
2026/09/09 13:34:26.575, 14, 10240
2026/09/09 13:34:26.775, 14, 10240
2026/09/09 13:34:26.975, 14, 10240
2026/09/09 13:34:27.175, 14, 10240
2026/09/09 13:34:27.376, 14, 10240
2026/09/09 13:34:27.576, 14, 10240
2026/09/09 13:34:27.776, 14, 10240
2026/09/09 13:34:27.976, 14, 10240
2026/09/09 13:34:28.176, 14, 10240
2026/09/09 13:34:28.377, 14, 10240
2026/09/09 13:34:28.577, 14, 10240
2026/09/09 13:34:28.777, 14, 10240
2026/09/09 13:34:28.977, 14, 10240
2026/09/09 13:34:29.177, 14, 10240
2026/09/09 13:34:29.377, 14, 10240
2026/09/09 13:34:29.578, 14, 10240
2026/09/09 13:34:29.778, 14, 10240
2026/09/09 13:34:29.978, 14, 10240
2026/09/09 13:34:30.178, 14, 10240
2026/09/09 13:34:30.378, 14, 10240
2026/09/09 13:34:30.579, 14, 10240
2026/09/09 13:34:30.779, 14, 10240
2026/09/09 13:34:30.979, 14, 10240
2026/09/09 13:34:31.179, 14, 10240
2026/09/09 13:34:31.379, 14, 10240
2026/09/09 13:34:31.579, 14, 10240
2026/09/09 13:34:31.780, 14, 10240
2026/09/09 13:34:31.980, 14, 10240
2026/09/09 13:34:32.180, 14, 10240
2026/09/09 13:34:32.380, 14, 10240
2026/09/09 13:34:32.581, 14, 10240
2026/09/09 13:34:32.781, 14, 10240
2026/09/09 13:34:32.981, 14, 10240
2026/09/09 13:34:33.181, 14, 10240
2026/09/09 13:34:33.381, 14, 10240
2026/09/09 13:34:33.582, 14, 10240
2026/09/09 13:34:33.782, 14, 10240
2026/09/09 13:34:33.982, 14, 10240
2026/09/09 13:34:34.182, 14, 10240
2026/09/09 13:34:34.382, 14, 10240
2026/09/09 13:34:34.583, 14, 10240
2026/09/09 13:34:34.783, 14, 10240
2026/09/09 13:34:34.984, 14, 10240
2026/09/09 13:34:35.184, 14, 10240
2026/09/09 13:34:35.385, 14, 10240
2026/09/09 13:34:35.585, 14, 10240
2026/09/09 13:34:35.785, 14, 10240
2026/09/09 13:34:35.985, 14, 10240
2026/09/09 13:34:36.185, 14, 10240
2026/09/09 13:34:36.386, 14, 10240
2026/09/09 13:34:36.586, 14, 10240
2026/09/09 13:34:36.786, 14, 10240
2026/09/09 13:34:36.986, 14, 10240
2026/09/09 13:34:37.186, 14, 10240
2026/09/09 13:34:37.387, 14, 10240
2026/09/09 13:34:37.587, 14, 10240
2026/09/09 13:34:37.787, 14, 10240
2026/09/09 13:34:37.987, 14, 10240
2026/09/09 13:34:38.187, 14, 10240
2026/09/09 13:34:38.387, 14, 10240
2026/09/09 13:34:38.588, 14, 10240
2026/09/09 13:34:38.788, 14, 10240
2026/09/09 13:34:38.988, 14, 10240
2026/09/09 13:34:39.188, 14, 10240
2026/09/09 13:34:39.388, 14, 10240
2026/09/09 13:34:39.588, 14, 10240
2026/09/09 13:34:39.789, 14, 10240
2026/09/09 13:34:39.989, 14, 10240
2026/09/09 13:34:40.189, 14, 10240
2026/09/09 13:34:40.389, 14, 10240
2026/09/09 13:34:40.589, 14, 10240
2026/09/09 13:34:40.789, 14, 10240
2026/09/09 13:34:40.990, 14, 10240
2026/09/09 13:34:41.190, 14, 10240
2026/09/09 13:34:41.390, 14, 10240
2026/09/09 13:34:41.590, 14, 10240
2026/09/09 13:34:41.790, 14, 10240
2026/09/09 13:34:41.991, 14, 10240
2026/09/09 13:34:42.191, 14, 10240
2026/09/09 13:34:42.391, 14, 10240
2026/09/09 13:34:42.591, 14, 10240
2026/09/09 13:34:42.791, 14, 10240
2026/09/09 13:34:42.991, 14, 10240
2026/09/09 13:34:43.192, 14, 10240
2026/09/09 13:34:43.392, 14, 10240
2026/09/09 13:34:43.592, 14, 10240
2026/09/09 13:34:43.792, 14, 10240
2026/09/09 13:34:43.992, 14, 10240
2026/09/09 13:34:44.192, 14, 10240
2026/09/09 13:34:44.393, 14, 10240
2026/09/09 13:34:44.593, 14, 10240
2026/09/09 13:34:44.793, 14, 10240
2026/09/09 13:34:44.993, 14, 10240
2026/09/09 13:34:45.193, 14, 10240
2026/09/09 13:34:45.393, 14, 10240
2026/09/09 13:34:45.593, 14, 10240
2026/09/09 13:34:45.794, 14, 10240
2026/09/09 13:34:45.994, 14, 10240
2026/09/09 13:34:46.194, 14, 10240
2026/09/09 13:34:46.394, 14, 10240
2026/09/09 13:34:46.594, 14, 10240
2026/09/09 13:34:46.794, 14, 10240
2026/09/09 13:34:46.994, 14, 10240
2026/09/09 13:34:47.195, 14, 10240
2026/09/09 13:34:47.395, 14, 10240
2026/09/09 13:34:47.595, 14, 10240
2026/09/09 13:34:47.795, 14, 10240
2026/09/09 13:34:47.995, 14, 10240
2026/09/09 13:34:48.195, 14, 10240
2026/09/09 13:34:48.396, 14, 10240
2026/09/09 13:34:48.596, 14, 10240
2026/09/09 13:34:48.796, 14, 10240
2026/09/09 13:34:48.996, 14, 10240
2026/09/09 13:34:49.196, 14, 10240
2026/09/09 13:34:49.396, 14, 10240
2026/09/09 13:34:49.597, 14, 10240
2026/09/09 13:34:49.797, 14, 10240
2026/09/09 13:34:49.997, 14, 10240
2026/09/09 13:34:50.197, 14, 10240
2026/09/09 13:34:50.397, 14, 10240
2026/09/09 13:34:50.597, 14, 10240
2026/09/09 13:34:50.798, 14, 10240
2026/09/09 13:34:50.998, 14, 10240
2026/09/09 13:34:51.198, 14, 10240
2026/09/09 13:34:51.398, 14, 10240
2026/09/09 13:34:51.598, 14, 10240
2026/09/09 13:34:51.798, 14, 10240
2026/09/09 13:34:51.999, 14, 10240
2026/09/09 13:34:52.199, 14, 10240
2026/09/09 13:34:52.399, 14, 10240
2026/09/09 13:34:52.599, 14, 10240
2026/09/09 13:34:52.799, 14, 10240
2026/09/09 13:34:52.999, 14, 10240
2026/09/09 13:34:53.199, 14, 10240
2026/09/09 13:34:53.400, 14, 10240
2026/09/09 13:34:53.600, 14, 10240
2026/09/09 13:34:53.800, 14, 10240
2026/09/09 13:34:54.000, 14, 10240
2026/09/09 13:34:54.200, 14, 10240
2026/09/09 13:34:54.400, 14, 10240
2026/09/09 13:34:54.601, 14, 10240
2026/09/09 13:34:54.801, 14, 10240
2026/09/09 13:34:55.001, 14, 10240
2026/09/09 13:34:55.201, 14, 10240
2026/09/09 13:34:55.401, 14, 10240
2026/09/09 13:34:55.601, 14, 10240
2026/09/09 13:34:55.802, 14, 10240
2026/09/09 13:34:56.002, 14, 10240
2026/09/09 13:34:56.202, 14, 10240
2026/09/09 13:34:56.402, 14, 10240
2026/09/09 13:34:56.602, 14, 10240
2026/09/09 13:34:56.802, 14, 10240
2026/09/09 13:34:57.003, 14, 10240
2026/09/09 13:34:57.203, 14, 10240
2026/09/09 13:34:57.403, 14, 10240
2026/09/09 13:34:57.603, 14, 10240
2026/09/09 13:34:57.803, 14, 10240
2026/09/09 13:34:58.003, 14, 10240
2026/09/09 13:34:58.203, 14, 10240
2026/09/09 13:34:58.404, 14, 10240
2026/09/09 13:34:58.604, 14, 10240
2026/09/09 13:34:58.804, 14, 10240
2026/09/09 13:34:59.004, 14, 10240
2026/09/09 13:34:59.204, 14, 10240
2026/09/09 13:34:59.404, 14, 10240
2026/09/09 13:34:59.604, 14, 10240
2026/09/09 13:34:59.805, 14, 10240
2026/09/09 13:35:00.005, 14, 10240
2026/09/09 13:35:00.205, 14, 10240
2026/09/09 13:35:00.405, 14, 10240
2026/09/09 13:35:00.605, 14, 10240
2026/09/09 13:35:00.806, 14, 10240
2026/09/09 13:35:01.006, 14, 10240
2026/09/09 13:35:01.206, 14, 10240
2026/09/09 13:35:01.406, 14, 10240
2026/09/09 13:35:01.606, 14, 10240
2026/09/09 13:35:01.807, 14, 10240
2026/09/09 13:35:02.007, 14, 10240
2026/09/09 13:35:02.207, 14, 10240
2026/09/09 13:35:02.407, 14, 10240
2026/09/09 13:35:02.607, 14, 10240
2026/09/09 13:35:02.808, 14, 10240
2026/09/09 13:35:03.008, 14, 10240
2026/09/09 13:35:03.208, 14, 10240
2026/09/09 13:35:03.408, 14, 10240
2026/09/09 13:35:03.608, 14, 10240
2026/09/09 13:35:03.809, 14, 10240
2026/09/09 13:35:04.009, 14, 10240
2026/09/09 13:35:04.209, 14, 10240
2026/09/09 13:35:04.409, 14, 10240
2026/09/09 13:35:04.609, 14, 10240
2026/09/09 13:35:04.809, 14, 10240
2026/09/09 13:35:05.010, 14, 10240
2026/09/09 13:35:05.210, 14, 10240
2026/09/09 13:35:05.410, 14, 10240
2026/09/09 13:35:05.610, 14, 10240
2026/09/09 13:35:05.810, 14, 10240
2026/09/09 13:35:06.010, 14, 10240
2026/09/09 13:35:06.211, 14, 10240
2026/09/09 13:35:06.411, 14, 10240
2026/09/09 13:35:06.611, 14, 10240
2026/09/09 13:35:06.811, 14, 10240
2026/09/09 13:35:07.011, 14, 10240
2026/09/09 13:35:07.211, 14, 10240
2026/09/09 13:35:07.411, 14, 10240
2026/09/09 13:35:07.612, 14, 10240
2026/09/09 13:35:07.812, 14, 10240
2026/09/09 13:35:08.012, 14, 10240
2026/09/09 13:35:08.212, 14, 10240
2026/09/09 13:35:08.412, 14, 10240
2026/09/09 13:35:08.613, 14, 10240
2026/09/09 13:35:08.813, 14, 10240
2026/09/09 13:35:09.013, 14, 10240
2026/09/09 13:35:09.213, 14, 10240
2026/09/09 13:35:09.413, 14, 10240
2026/09/09 13:35:09.614, 14, 10240
2026/09/09 13:35:09.814, 14, 10240
2026/09/09 13:35:10.014, 14, 10240
2026/09/09 13:35:10.214, 14, 10240
2026/09/09 13:35:10.414, 14, 10240
2026/09/09 13:35:10.615, 14, 10240
2026/09/09 13:35:10.815, 14, 10240
2026/09/09 13:35:11.015, 14, 10240
2026/09/09 13:35:11.215, 14, 10240
2026/09/09 13:35:11.415, 14, 10240
2026/09/09 13:35:11.616, 14, 10240
2026/09/09 13:35:11.816, 14, 10240
2026/09/09 13:35:12.016, 14, 10240
2026/09/09 13:35:12.216, 14, 10240
2026/09/09 13:35:12.416, 14, 10240
2026/09/09 13:35:12.616, 14, 10240
2026/09/09 13:35:12.816, 14, 10240
2026/09/09 13:35:13.017, 14, 10240
2026/09/09 13:35:13.256, 17, 10240
2026/09/09 13:35:13.467, 238, 10240
2026/09/09 13:35:13.667, 238, 10240
2026/09/09 13:35:13.868, 238, 10240
2026/09/09 13:35:14.068, 238, 10240
2026/09/09 13:35:14.268, 238, 10240
2026/09/09 13:35:14.468, 238, 10240
2026/09/09 13:35:14.669, 238, 10240
2026/09/09 13:35:14.869, 238, 10240
2026/09/09 13:35:15.069, 238, 10240
2026/09/09 13:35:15.269, 238, 10240
2026/09/09 13:35:15.469, 238, 10240
2026/09/09 13:35:15.670, 238, 10240
2026/09/09 13:35:15.870, 238, 10240
2026/09/09 13:35:16.070, 238, 10240
2026/09/09 13:35:16.270, 238, 10240
2026/09/09 13:35:16.470, 238, 10240
2026/09/09 13:35:16.670, 238, 10240
2026/09/09 13:35:16.870, 238, 10240
2026/09/09 13:35:17.071, 238, 10240
2026/09/09 13:35:17.271, 238, 10240
2026/09/09 13:35:17.471, 238, 10240
2026/09/09 13:35:17.671, 238, 10240
2026/09/09 13:35:17.871, 238, 10240
2026/09/09 13:35:18.072, 238, 10240
2026/09/09 13:35:18.272, 238, 10240
2026/09/09 13:35:18.472, 238, 10240
2026/09/09 13:35:18.672, 238, 10240
2026/09/09 13:35:18.872, 238, 10240
2026/09/09 13:35:19.073, 238, 10240
2026/09/09 13:35:19.273, 238, 10240
2026/09/09 13:35:19.473, 238, 10240
2026/09/09 13:35:19.673, 238, 10240
2026/09/09 13:35:19.873, 238, 10240
2026/09/09 13:35:20.073, 238, 10240
2026/09/09 13:35:20.274, 238, 10240
2026/09/09 13:35:20.474, 238, 10240
2026/09/09 13:35:20.674, 238, 10240
2026/09/09 13:35:20.874, 238, 10240
2026/09/09 13:35:21.074, 238, 10240
2026/09/09 13:35:21.274, 238, 10240
2026/09/09 13:35:21.475, 238, 10240
2026/09/09 13:35:21.675, 238, 10240
2026/09/09 13:35:21.875, 238, 10240
2026/09/09 13:35:22.075, 238, 10240
2026/09/09 13:35:22.275, 238, 10240
2026/09/09 13:35:22.475, 238, 10240
2026/09/09 13:35:22.676, 238, 10240
2026/09/09 13:35:22.876, 238, 10240
2026/09/09 13:35:23.076, 238, 10240
2026/09/09 13:35:23.276, 238, 10240
2026/09/09 13:35:23.476, 238, 10240
2026/09/09 13:35:23.676, 238, 10240
2026/09/09 13:35:23.877, 238, 10240
2026/09/09 13:35:24.077, 238, 10240
2026/09/09 13:35:24.277, 238, 10240
2026/09/09 13:35:24.477, 238, 10240
2026/09/09 13:35:24.677, 238, 10240
2026/09/09 13:35:24.877, 238, 10240
2026/09/09 13:35:25.078, 238, 10240
2026/09/09 13:35:25.278, 238, 10240
2026/09/09 13:35:25.478, 238, 10240
2026/09/09 13:35:25.678, 238, 10240
2026/09/09 13:35:25.878, 238, 10240
2026/09/09 13:35:26.079, 238, 10240
2026/09/09 13:35:26.279, 238, 10240
2026/09/09 13:35:26.479, 238, 10240
2026/09/09 13:35:26.679, 238, 10240
2026/09/09 13:35:26.879, 238, 10240
2026/09/09 13:35:27.080, 238, 10240
2026/09/09 13:35:27.305, 238, 10240
2026/09/09 13:35:27.505, 238, 10240
2026/09/09 13:35:27.705, 238, 10240
2026/09/09 13:35:27.905, 238, 10240
2026/09/09 13:35:28.105, 238, 10240
2026/09/09 13:35:28.305, 238, 10240
2026/09/09 13:35:28.506, 238, 10240
2026/09/09 13:35:28.706, 238, 10240
2026/09/09 13:35:28.906, 238, 10240
2026/09/09 13:35:29.106, 238, 10240
2026/09/09 13:35:29.306, 238, 10240
2026/09/09 13:35:29.507, 238, 10240
2026/09/09 13:35:29.707, 238, 10240
2026/09/09 13:35:29.907, 238, 10240
2026/09/09 13:35:30.107, 238, 10240
2026/09/09 13:35:30.307, 238, 10240
2026/09/09 13:35:30.508, 238, 10240
2026/09/09 13:35:30.708, 238, 10240
2026/09/09 13:35:30.908, 238, 10240
2026/09/09 13:35:31.108, 238, 10240
2026/09/09 13:35:31.308, 238, 10240
2026/09/09 13:35:31.508, 238, 10240
2026/09/09 13:35:31.709, 238, 10240
2026/09/09 13:35:31.909, 238, 10240
2026/09/09 13:35:32.109, 238, 10240
2026/09/09 13:35:32.309, 238, 10240
2026/09/09 13:35:32.509, 238, 10240
2026/09/09 13:35:32.710, 238, 10240
2026/09/09 13:35:32.910, 238, 10240
2026/09/09 13:35:33.110, 238, 10240
2026/09/09 13:35:33.310, 238, 10240
2026/09/09 13:35:34.024, 238, 10240
2026/09/09 13:35:34.224, 238, 10240
2026/09/09 13:35:34.424, 238, 10240
2026/09/09 13:35:34.624, 238, 10240
2026/09/09 13:35:34.824, 238, 10240
2026/09/09 13:35:35.025, 238, 10240
2026/09/09 13:35:35.225, 238, 10240
2026/09/09 13:35:35.425, 238, 10240
2026/09/09 13:35:35.625, 238, 10240
2026/09/09 13:35:35.825, 238, 10240
2026/09/09 13:35:36.026, 238, 10240
2026/09/09 13:35:36.226, 238, 10240
2026/09/09 13:35:36.426, 238, 10240
2026/09/09 13:35:36.626, 238, 10240
2026/09/09 13:35:36.826, 238, 10240
2026/09/09 13:35:37.027, 238, 10240
2026/09/09 13:35:37.227, 238, 10240
2026/09/09 13:35:38.606, 238, 10240
2026/09/09 13:35:38.807, 238, 10240
2026/09/09 13:35:39.007, 238, 10240
2026/09/09 13:35:39.207, 238, 10240
2026/09/09 13:35:39.407, 238, 10240
2026/09/09 13:35:39.608, 238, 10240
2026/09/09 13:35:39.808, 238, 10240
2026/09/09 13:35:40.008, 238, 10240
2026/09/09 13:35:40.208, 238, 10240
2026/09/09 13:35:40.408, 238, 10240
2026/09/09 13:35:40.608, 238, 10240
2026/09/09 13:35:40.809, 238, 10240
2026/09/09 13:35:41.009, 238, 10240
2026/09/09 13:35:41.209, 238, 10240
2026/09/09 13:35:41.409, 238, 10240
2026/09/09 13:35:41.610, 238, 10240
2026/09/09 13:35:41.810, 238, 10240
2026/09/09 13:35:42.010, 238, 10240
2026/09/09 13:35:42.210, 238, 10240
2026/09/09 13:35:42.410, 238, 10240
2026/09/09 13:35:42.611, 238, 10240
2026/09/09 13:35:42.811, 238, 10240
2026/09/09 13:35:43.011, 238, 10240
2026/09/09 13:35:43.211, 238, 10240
2026/09/09 13:35:43.412, 238, 10240
2026/09/09 13:35:43.612, 238, 10240
2026/09/09 13:35:43.812, 238, 10240
2026/09/09 13:35:44.012, 238, 10240
2026/09/09 13:35:44.213, 238, 10240
2026/09/09 13:35:44.413, 238, 10240
2026/09/09 13:35:44.613, 238, 10240
2026/09/09 13:35:44.813, 238, 10240
2026/09/09 13:35:45.013, 238, 10240
2026/09/09 13:35:45.214, 238, 10240
2026/09/09 13:35:45.414, 238, 10240
2026/09/09 13:35:45.614, 238, 10240
2026/09/09 13:35:45.848, 238, 10240
2026/09/09 13:35:46.049, 238, 10240
2026/09/09 13:35:46.249, 238, 10240
2026/09/09 13:35:46.449, 238, 10240
2026/09/09 13:35:46.649, 238, 10240
2026/09/09 13:35:46.850, 238, 10240
2026/09/09 13:35:47.050, 238, 10240
2026/09/09 13:35:47.250, 238, 10240
2026/09/09 13:35:47.450, 238, 10240
2026/09/09 13:35:47.650, 238, 10240
2026/09/09 13:35:47.851, 238, 10240
2026/09/09 13:35:48.051, 238, 10240
2026/09/09 13:35:48.251, 238, 10240
2026/09/09 13:35:48.451, 238, 10240
2026/09/09 13:35:48.652, 238, 10240
2026/09/09 13:35:48.852, 238, 10240
2026/09/09 13:35:49.052, 238, 10240
2026/09/09 13:35:49.252, 238, 10240
2026/09/09 13:35:49.452, 238, 10240
2026/09/09 13:35:49.659, 238, 10240
2026/09/09 13:35:49.859, 238, 10240
2026/09/09 13:35:50.059, 238, 10240
2026/09/09 13:35:50.259, 238, 10240
2026/09/09 13:35:50.460, 238, 10240
2026/09/09 13:35:50.660, 238, 10240
2026/09/09 13:35:50.860, 238, 10240
2026/09/09 13:35:51.060, 238, 10240
2026/09/09 13:35:51.260, 238, 10240
2026/09/09 13:35:51.460, 238, 10240
2026/09/09 13:35:51.661, 238, 10240
2026/09/09 13:35:51.861, 238, 10240
2026/09/09 13:35:52.061, 238, 10240
2026/09/09 13:35:52.261, 238, 10240
2026/09/09 13:35:52.461, 238, 10240
2026/09/09 13:35:52.661, 238, 10240
2026/09/09 13:35:52.862, 238, 10240
2026/09/09 13:35:53.062, 238, 10240
2026/09/09 13:35:53.262, 238, 10240
2026/09/09 13:35:53.462, 238, 10240
2026/09/09 13:35:53.662, 238, 10240
2026/09/09 13:35:53.863, 238, 10240
2026/09/09 13:35:54.070, 238, 10240
2026/09/09 13:35:54.270, 238, 10240
2026/09/09 13:35:54.471, 238, 10240
2026/09/09 13:35:54.671, 238, 10240
2026/09/09 13:35:54.871, 238, 10240
2026/09/09 13:35:55.071, 238, 10240
2026/09/09 13:35:55.271, 238, 10240
2026/09/09 13:35:55.471, 238, 10240
2026/09/09 13:35:55.671, 238, 10240
2026/09/09 13:35:55.872, 238, 10240
2026/09/09 13:35:56.072, 238, 10240
2026/09/09 13:35:56.272, 238, 10240
2026/09/09 13:35:56.472, 238, 10240
2026/09/09 13:35:56.672, 238, 10240
2026/09/09 13:35:56.872, 238, 10240
2026/09/09 13:35:57.073, 238, 10240
2026/09/09 13:35:57.273, 238, 10240
2026/09/09 13:35:57.473, 238, 10240
2026/09/09 13:35:57.673, 238, 10240
2026/09/09 13:35:57.873, 238, 10240
2026/09/09 13:35:58.073, 238, 10240
2026/09/09 13:35:58.273, 238, 10240
2026/09/09 13:35:58.474, 238, 10240
2026/09/09 13:35:58.674, 238, 10240
2026/09/09 13:35:58.874, 238, 10240
2026/09/09 13:35:59.074, 238, 10240
2026/09/09 13:35:59.274, 238, 10240
2026/09/09 13:35:59.474, 238, 10240
2026/09/09 13:35:59.675, 238, 10240
2026/09/09 13:35:59.875, 238, 10240
2026/09/09 13:36:00.075, 238, 10240
2026/09/09 13:36:00.275, 238, 10240
2026/09/09 13:36:00.475, 238, 10240
2026/09/09 13:36:00.675, 238, 10240
2026/09/09 13:36:00.876, 238, 10240
2026/09/09 13:36:01.076, 238, 10240
2026/09/09 13:36:01.276, 238, 10240
2026/09/09 13:36:01.476, 238, 10240
2026/09/09 13:36:01.676, 238, 10240
2026/09/09 13:36:01.876, 238, 10240
2026/09/09 13:36:02.077, 238, 10240
2026/09/09 13:36:02.277, 238, 10240
2026/09/09 13:36:02.477, 238, 10240
2026/09/09 13:36:02.677, 238, 10240
2026/09/09 13:36:02.877, 238, 10240
2026/09/09 13:36:03.077, 238, 10240
2026/09/09 13:36:03.277, 238, 10240
2026/09/09 13:36:03.478, 238, 10240
2026/09/09 13:36:03.678, 238, 10240
2026/09/09 13:36:03.878, 238, 10240
2026/09/09 13:36:04.078, 238, 10240
2026/09/09 13:36:04.278, 238, 10240
2026/09/09 13:36:04.478, 238, 10240
2026/09/09 13:36:04.679, 238, 10240
2026/09/09 13:36:04.879, 238, 10240
2026/09/09 13:36:05.079, 238, 10240
2026/09/09 13:36:05.279, 238, 10240
2026/09/09 13:36:05.479, 238, 10240
2026/09/09 13:36:05.679, 238, 10240
2026/09/09 13:36:05.879, 238, 10240
2026/09/09 13:36:06.080, 238, 10240
2026/09/09 13:36:06.280, 238, 10240
2026/09/09 13:36:06.480, 238, 10240
2026/09/09 13:36:06.680, 238, 10240
2026/09/09 13:36:06.880, 238, 10240
2026/09/09 13:36:07.080, 238, 10240
2026/09/09 13:36:07.281, 238, 10240
2026/09/09 13:36:07.481, 238, 10240
2026/09/09 13:36:07.681, 238, 10240
2026/09/09 13:36:07.881, 238, 10240
2026/09/09 13:36:08.081, 238, 10240
2026/09/09 13:36:08.281, 238, 10240
2026/09/09 13:36:08.482, 238, 10240
2026/09/09 13:36:08.682, 238, 10240
2026/09/09 13:36:08.882, 238, 10240
2026/09/09 13:36:09.082, 238, 10240
2026/09/09 13:36:09.282, 238, 10240
2026/09/09 13:36:09.482, 238, 10240
2026/09/09 13:36:09.683, 238, 10240
2026/09/09 13:36:09.883, 238, 10240
2026/09/09 13:36:10.083, 238, 10240
2026/09/09 13:36:10.283, 238, 10240
2026/09/09 13:36:10.483, 238, 10240
2026/09/09 13:36:10.683, 238, 10240
2026/09/09 13:36:10.884, 238, 10240
2026/09/09 13:36:11.084, 238, 10240
2026/09/09 13:36:11.284, 238, 10240
2026/09/09 13:36:11.484, 238, 10240
2026/09/09 13:36:11.684, 238, 10240
2026/09/09 13:36:11.885, 238, 10240
2026/09/09 13:36:12.085, 238, 10240
2026/09/09 13:36:12.285, 238, 10240
2026/09/09 13:36:12.485, 238, 10240
2026/09/09 13:36:12.685, 238, 10240
2026/09/09 13:36:12.885, 238, 10240
2026/09/09 13:36:13.085, 238, 10240
2026/09/09 13:36:13.286, 238, 10240
2026/09/09 13:36:13.486, 238, 10240
2026/09/09 13:36:13.686, 238, 10240
2026/09/09 13:36:13.886, 238, 10240
2026/09/09 13:36:14.086, 238, 10240
2026/09/09 13:36:14.286, 238, 10240
2026/09/09 13:36:14.487, 238, 10240
2026/09/09 13:36:14.687, 238, 10240
2026/09/09 13:36:14.887, 238, 10240
2026/09/09 13:36:15.087, 238, 10240
2026/09/09 13:36:15.287, 238, 10240
2026/09/09 13:36:15.488, 238, 10240
2026/09/09 13:36:15.688, 238, 10240
2026/09/09 13:36:15.888, 238, 10240
2026/09/09 13:36:16.088, 238, 10240
2026/09/09 13:36:16.288, 238, 10240
2026/09/09 13:36:16.488, 238, 10240
2026/09/09 13:36:16.688, 238, 10240
2026/09/09 13:36:16.889, 238, 10240
2026/09/09 13:36:17.089, 238, 10240
2026/09/09 13:36:17.289, 238, 10240
2026/09/09 13:36:17.489, 238, 10240
2026/09/09 13:36:17.689, 238, 10240
2026/09/09 13:36:17.889, 238, 10240
2026/09/09 13:36:18.090, 238, 10240
2026/09/09 13:36:18.290, 238, 10240
2026/09/09 13:36:18.490, 238, 10240
2026/09/09 13:36:18.690, 238, 10240
2026/09/09 13:36:18.890, 238, 10240
2026/09/09 13:36:19.090, 238, 10240
2026/09/09 13:36:19.291, 238, 10240
2026/09/09 13:36:19.491, 238, 10240
2026/09/09 13:36:19.691, 238, 10240
2026/09/09 13:36:19.891, 238, 10240
2026/09/09 13:36:20.091, 238, 10240
2026/09/09 13:36:20.291, 238, 10240
2026/09/09 13:36:20.492, 238, 10240
2026/09/09 13:36:20.692, 238, 10240
2026/09/09 13:36:20.892, 238, 10240
2026/09/09 13:36:21.092, 238, 10240
2026/09/09 13:36:21.292, 238, 10240
2026/09/09 13:36:21.492, 238, 10240
2026/09/09 13:36:21.693, 238, 10240
2026/09/09 13:36:21.893, 238, 10240
2026/09/09 13:36:22.093, 238, 10240
2026/09/09 13:36:22.293, 238, 10240
2026/09/09 13:36:22.493, 238, 10240
2026/09/09 13:36:22.693, 238, 10240
2026/09/09 13:36:22.894, 238, 10240
2026/09/09 13:36:23.094, 238, 10240
2026/09/09 13:36:23.294, 238, 10240
2026/09/09 13:36:23.494, 238, 10240
2026/09/09 13:36:23.694, 238, 10240
2026/09/09 13:36:23.894, 238, 10240
2026/09/09 13:36:24.094, 237, 10240
2026/09/09 13:36:24.297, 14, 10240
2026/09/09 13:36:24.497, 17, 10240
2026/09/09 13:36:24.698, 238, 10240
2026/09/09 13:36:24.899, 238, 10240
2026/09/09 13:36:25.099, 238, 10240
2026/09/09 13:36:25.299, 238, 10240
2026/09/09 13:36:25.499, 238, 10240
2026/09/09 13:36:25.699, 238, 10240
2026/09/09 13:36:25.899, 238, 10240
2026/09/09 13:36:26.100, 238, 10240
2026/09/09 13:36:26.300, 238, 10240
2026/09/09 13:36:26.500, 238, 10240
2026/09/09 13:36:26.700, 238, 10240
2026/09/09 13:36:26.900, 238, 10240
2026/09/09 13:36:27.101, 238, 10240
2026/09/09 13:36:27.301, 238, 10240
2026/09/09 13:36:27.501, 238, 10240
2026/09/09 13:36:27.701, 238, 10240
2026/09/09 13:36:27.901, 238, 10240
2026/09/09 13:36:28.102, 238, 10240
2026/09/09 13:36:28.302, 238, 10240
2026/09/09 13:36:28.502, 238, 10240
2026/09/09 13:36:28.702, 238, 10240
2026/09/09 13:36:28.902, 238, 10240
2026/09/09 13:36:29.102, 238, 10240
2026/09/09 13:36:29.303, 238, 10240
2026/09/09 13:36:29.503, 238, 10240
2026/09/09 13:36:29.703, 238, 10240
2026/09/09 13:36:29.903, 238, 10240
2026/09/09 13:36:30.103, 238, 10240
2026/09/09 13:36:30.303, 238, 10240
2026/09/09 13:36:30.503, 238, 10240
2026/09/09 13:36:30.704, 238, 10240
2026/09/09 13:36:30.904, 238, 10240
2026/09/09 13:36:31.104, 238, 10240
2026/09/09 13:36:31.304, 238, 10240
2026/09/09 13:36:31.504, 238, 10240
2026/09/09 13:36:31.704, 238, 10240
2026/09/09 13:36:31.904, 238, 10240
2026/09/09 13:36:32.105, 238, 10240
2026/09/09 13:36:32.305, 238, 10240
2026/09/09 13:36:32.505, 238, 10240
2026/09/09 13:36:32.705, 238, 10240
2026/09/09 13:36:32.905, 238, 10240
2026/09/09 13:36:33.105, 238, 10240
2026/09/09 13:36:33.305, 238, 10240
2026/09/09 13:36:33.506, 238, 10240
2026/09/09 13:36:33.706, 238, 10240
2026/09/09 13:36:33.913, 238, 10240
2026/09/09 13:36:34.113, 238, 10240
2026/09/09 13:36:34.313, 238, 10240
2026/09/09 13:36:34.513, 238, 10240
2026/09/09 13:36:34.713, 238, 10240
2026/09/09 13:36:34.914, 238, 10240
2026/09/09 13:36:35.114, 238, 10240
2026/09/09 13:36:35.314, 238, 10240
2026/09/09 13:36:35.514, 238, 10240
2026/09/09 13:36:35.714, 238, 10240
2026/09/09 13:36:35.914, 238, 10240
2026/09/09 13:36:36.115, 238, 10240
2026/09/09 13:36:36.315, 238, 10240
2026/09/09 13:36:36.515, 238, 10240
2026/09/09 13:36:36.715, 238, 10240
2026/09/09 13:36:36.915, 238, 10240
2026/09/09 13:36:37.115, 238, 10240
2026/09/09 13:36:37.316, 238, 10240
2026/09/09 13:36:37.516, 238, 10240
2026/09/09 13:36:37.716, 238, 10240
2026/09/09 13:36:37.916, 238, 10240
2026/09/09 13:36:38.116, 238, 10240
2026/09/09 13:36:38.316, 238, 10240
2026/09/09 13:36:38.517, 238, 10240
2026/09/09 13:36:38.717, 238, 10240
2026/09/09 13:36:38.917, 238, 10240
2026/09/09 13:36:39.117, 238, 10240
2026/09/09 13:36:39.317, 238, 10240
2026/09/09 13:36:39.517, 238, 10240
2026/09/09 13:36:39.718, 238, 10240
2026/09/09 13:36:39.918, 238, 10240
2026/09/09 13:36:40.118, 238, 10240
2026/09/09 13:36:40.318, 238, 10240
2026/09/09 13:36:40.518, 238, 10240
2026/09/09 13:36:40.719, 238, 10240
2026/09/09 13:36:40.919, 238, 10240
2026/09/09 13:36:41.119, 238, 10240
2026/09/09 13:36:41.319, 238, 10240
2026/09/09 13:36:41.519, 5562, 10240
2026/09/09 13:36:41.720, 5562, 10240
2026/09/09 13:36:41.920, 5562, 10240
2026/09/09 13:36:42.120, 5562, 10240
2026/09/09 13:36:42.320, 5562, 10240
2026/09/09 13:36:42.520, 5562, 10240
2026/09/09 13:36:42.721, 5562, 10240
2026/09/09 13:36:42.921, 5562, 10240
2026/09/09 13:36:43.121, 5562, 10240
2026/09/09 13:36:43.321, 5562, 10240
2026/09/09 13:36:43.521, 5562, 10240
2026/09/09 13:36:43.721, 5562, 10240
2026/09/09 13:36:43.921, 5562, 10240
2026/09/09 13:36:44.122, 6770, 10240
2026/09/09 13:36:44.322, 6778, 10240
2026/09/09 13:36:44.522, 6778, 10240
2026/09/09 13:36:44.722, 6778, 10240
2026/09/09 13:36:44.922, 6778, 10240
2026/09/09 13:36:45.122, 6778, 10240
2026/09/09 13:36:45.323, 6778, 10240
2026/09/09 13:36:45.523, 6778, 10240
2026/09/09 13:36:45.723, 6778, 10240
2026/09/09 13:36:45.923, 6778, 10240
2026/09/09 13:36:46.123, 6778, 10240
2026/09/09 13:36:46.323, 6778, 10240
2026/09/09 13:36:46.524, 6778, 10240
2026/09/09 13:36:46.724, 6778, 10240
2026/09/09 13:36:46.924, 6778, 10240
2026/09/09 13:36:47.124, 6778, 10240
2026/09/09 13:36:47.324, 6778, 10240
2026/09/09 13:36:47.525, 6778, 10240
2026/09/09 13:36:47.725, 6778, 10240
2026/09/09 13:36:47.925, 6778, 10240
2026/09/09 13:36:48.125, 6778, 10240
2026/09/09 13:36:48.325, 6778, 10240
2026/09/09 13:36:48.526, 6778, 10240
2026/09/09 13:36:48.726, 6778, 10240
2026/09/09 13:36:48.926, 6778, 10240
2026/09/09 13:36:49.126, 6778, 10240
2026/09/09 13:36:49.326, 6778, 10240
2026/09/09 13:36:49.526, 6778, 10240
2026/09/09 13:36:49.727, 6778, 10240
2026/09/09 13:36:49.927, 6778, 10240
2026/09/09 13:36:50.127, 6778, 10240
2026/09/09 13:36:50.327, 6778, 10240
2026/09/09 13:36:50.527, 6778, 10240
2026/09/09 13:36:50.727, 6778, 10240
2026/09/09 13:36:50.928, 6778, 10240
2026/09/09 13:36:51.128, 6778, 10240
2026/09/09 13:36:51.328, 6778, 10240
2026/09/09 13:36:51.528, 6778, 10240
2026/09/09 13:36:51.728, 6778, 10240
2026/09/09 13:36:51.929, 6778, 10240
2026/09/09 13:36:52.129, 6778, 10240
2026/09/09 13:36:52.329, 6778, 10240
2026/09/09 13:36:52.531, 6778, 10240
2026/09/09 13:36:52.731, 6778, 10240
2026/09/09 13:36:52.932, 6778, 10240
2026/09/09 13:36:53.132, 6778, 10240
2026/09/09 13:36:53.332, 6778, 10240
2026/09/09 13:36:53.533, 6778, 10240
2026/09/09 13:36:53.733, 6778, 10240
2026/09/09 13:36:53.934, 6778, 10240
2026/09/09 13:36:54.135, 6778, 10240
2026/09/09 13:36:54.335, 6778, 10240
2026/09/09 13:36:54.536, 6778, 10240
2026/09/09 13:36:54.736, 6778, 10240
2026/09/09 13:36:54.936, 6778, 10240
2026/09/09 13:36:55.136, 6778, 10240
2026/09/09 13:36:55.336, 6778, 10240
2026/09/09 13:36:55.540, 6778, 10240
2026/09/09 13:36:55.740, 6778, 10240
2026/09/09 13:36:55.940, 6778, 10240
2026/09/09 13:36:56.140, 6778, 10240
2026/09/09 13:36:56.341, 6778, 10240
2026/09/09 13:36:56.541, 6778, 10240
2026/09/09 13:36:56.741, 6778, 10240
2026/09/09 13:36:56.941, 6778, 10240
2026/09/09 13:36:57.141, 6778, 10240
2026/09/09 13:36:57.342, 6778, 10240
2026/09/09 13:36:57.542, 6778, 10240
2026/09/09 13:36:57.742, 6778, 10240
2026/09/09 13:36:57.942, 6778, 10240
2026/09/09 13:36:58.143, 6778, 10240
2026/09/09 13:36:58.343, 6778, 10240
2026/09/09 13:36:58.543, 6778, 10240
2026/09/09 13:36:58.743, 6778, 10240
2026/09/09 13:36:58.944, 6778, 10240
2026/09/09 13:36:59.144, 6778, 10240
2026/09/09 13:36:59.344, 6778, 10240
2026/09/09 13:36:59.544, 6778, 10240
2026/09/09 13:36:59.744, 6778, 10240
2026/09/09 13:36:59.945, 6778, 10240
2026/09/09 13:37:00.145, 6778, 10240
2026/09/09 13:37:00.345, 6778, 10240
2026/09/09 13:37:00.545, 6778, 10240
2026/09/09 13:37:00.745, 6778, 10240
2026/09/09 13:37:00.946, 6778, 10240
2026/09/09 13:37:01.146, 6778, 10240
2026/09/09 13:37:01.346, 6778, 10240
2026/09/09 13:37:01.546, 6778, 10240
2026/09/09 13:37:01.746, 6778, 10240
2026/09/09 13:37:01.947, 6778, 10240
2026/09/09 13:37:02.147, 6778, 10240
2026/09/09 13:37:02.347, 6778, 10240
2026/09/09 13:37:02.547, 6778, 10240
2026/09/09 13:37:02.747, 6778, 10240
2026/09/09 13:37:02.947, 6778, 10240
2026/09/09 13:37:03.148, 6778, 10240
2026/09/09 13:37:03.348, 6778, 10240
2026/09/09 13:37:03.548, 6778, 10240
2026/09/09 13:37:03.748, 6778, 10240
2026/09/09 13:37:03.948, 6778, 10240
2026/09/09 13:37:04.148, 6778, 10240
2026/09/09 13:37:04.349, 6778, 10240
2026/09/09 13:37:04.549, 6778, 10240
2026/09/09 13:37:04.749, 6778, 10240
2026/09/09 13:37:04.949, 6778, 10240
2026/09/09 13:37:05.150, 6778, 10240
2026/09/09 13:37:05.350, 6778, 10240
2026/09/09 13:37:05.550, 6778, 10240
2026/09/09 13:37:05.750, 6778, 10240
2026/09/09 13:37:05.950, 6778, 10240
2026/09/09 13:37:06.243, 6778, 10240
2026/09/09 13:37:06.443, 6778, 10240
2026/09/09 13:37:06.643, 6778, 10240
2026/09/09 13:37:06.843, 6778, 10240
2026/09/09 13:37:07.044, 6778, 10240
2026/09/09 13:37:07.244, 6778, 10240
2026/09/09 13:37:07.444, 6778, 10240
2026/09/09 13:37:07.644, 6778, 10240
2026/09/09 13:37:07.844, 6778, 10240
2026/09/09 13:37:08.045, 6778, 10240
2026/09/09 13:37:08.245, 6778, 10240
2026/09/09 13:37:08.445, 6778, 10240
2026/09/09 13:37:08.645, 6778, 10240
2026/09/09 13:37:08.846, 6778, 10240
2026/09/09 13:37:09.046, 6778, 10240
2026/09/09 13:37:09.246, 6778, 10240
2026/09/09 13:37:09.446, 6778, 10240
2026/09/09 13:37:09.647, 6778, 10240
2026/09/09 13:37:09.847, 6778, 10240
2026/09/09 13:37:10.047, 6778, 10240
2026/09/09 13:37:10.247, 6778, 10240
2026/09/09 13:37:10.447, 6778, 10240
2026/09/09 13:37:10.647, 6778, 10240
2026/09/09 13:37:10.848, 6778, 10240
2026/09/09 13:37:11.048, 6778, 10240
2026/09/09 13:37:11.248, 6778, 10240
2026/09/09 13:37:11.448, 6778, 10240
2026/09/09 13:37:11.648, 6778, 10240
2026/09/09 13:37:11.849, 6778, 10240
2026/09/09 13:37:12.049, 6778, 10240
2026/09/09 13:37:12.249, 6778, 10240
2026/09/09 13:37:12.449, 6778, 10240
2026/09/09 13:37:12.649, 6778, 10240
2026/09/09 13:37:12.849, 6778, 10240
2026/09/09 13:37:13.050, 6778, 10240
2026/09/09 13:37:13.250, 6778, 10240
2026/09/09 13:37:13.450, 6778, 10240
2026/09/09 13:37:13.650, 6778, 10240
2026/09/09 13:37:13.850, 6778, 10240
2026/09/09 13:37:14.051, 6778, 10240
2026/09/09 13:37:14.251, 6778, 10240
2026/09/09 13:37:14.451, 6778, 10240
2026/09/09 13:37:14.651, 6778, 10240
2026/09/09 13:37:14.852, 6778, 10240
2026/09/09 13:37:15.052, 6778, 10240
2026/09/09 13:37:15.252, 6778, 10240
2026/09/09 13:37:15.452, 6778, 10240
2026/09/09 13:37:15.652, 6778, 10240
2026/09/09 13:37:15.852, 6778, 10240
2026/09/09 13:37:16.053, 6778, 10240
2026/09/09 13:37:16.253, 6778, 10240
2026/09/09 13:37:16.453, 6778, 10240
2026/09/09 13:37:16.653, 6778, 10240
2026/09/09 13:37:16.853, 6778, 10240
2026/09/09 13:37:17.054, 6778, 10240
2026/09/09 13:37:17.254, 6778, 10240
2026/09/09 13:37:17.454, 6778, 10240
2026/09/09 13:37:17.654, 6778, 10240
2026/09/09 13:37:17.854, 6778, 10240
2026/09/09 13:37:18.055, 6778, 10240
2026/09/09 13:37:18.255, 6778, 10240
2026/09/09 13:37:18.455, 6778, 10240
2026/09/09 13:37:18.655, 6778, 10240
2026/09/09 13:37:18.855, 6778, 10240
2026/09/09 13:37:19.056, 6778, 10240
2026/09/09 13:37:19.256, 6778, 10240
2026/09/09 13:37:19.456, 6778, 10240
2026/09/09 13:37:19.656, 6778, 10240
2026/09/09 13:37:19.857, 6778, 10240
2026/09/09 13:37:20.057, 6778, 10240
2026/09/09 13:37:20.257, 6778, 10240
2026/09/09 13:37:20.457, 6778, 10240
2026/09/09 13:37:20.658, 6778, 10240
2026/09/09 13:37:20.858, 6778, 10240
2026/09/09 13:37:21.058, 6778, 10240
2026/09/09 13:37:21.258, 6778, 10240
2026/09/09 13:37:21.459, 6778, 10240
2026/09/09 13:37:21.659, 6778, 10240
2026/09/09 13:37:21.859, 6778, 10240
2026/09/09 13:37:22.059, 6778, 10240
2026/09/09 13:37:22.259, 6778, 10240
2026/09/09 13:37:22.460, 6778, 10240
2026/09/09 13:37:22.660, 6778, 10240
2026/09/09 13:37:22.860, 6778, 10240
2026/09/09 13:37:23.060, 6778, 10240
2026/09/09 13:37:23.260, 6778, 10240
2026/09/09 13:37:23.461, 6778, 10240
2026/09/09 13:37:23.661, 6778, 10240
2026/09/09 13:37:23.861, 6778, 10240
2026/09/09 13:37:24.061, 6778, 10240
2026/09/09 13:37:24.261, 6778, 10240
2026/09/09 13:37:24.462, 6778, 10240
2026/09/09 13:37:24.662, 6778, 10240
2026/09/09 13:37:24.862, 6778, 10240
2026/09/09 13:37:25.062, 6778, 10240
2026/09/09 13:37:25.262, 6778, 10240
2026/09/09 13:37:25.462, 6778, 10240
2026/09/09 13:37:25.663, 6778, 10240
2026/09/09 13:37:25.863, 6778, 10240
2026/09/09 13:37:26.063, 6778, 10240
2026/09/09 13:37:26.263, 6778, 10240
2026/09/09 13:37:26.464, 6778, 10240
2026/09/09 13:37:26.664, 6778, 10240
2026/09/09 13:37:26.864, 6778, 10240
2026/09/09 13:37:27.064, 6778, 10240
2026/09/09 13:37:27.264, 6778, 10240
2026/09/09 13:37:27.465, 6778, 10240
2026/09/09 13:37:27.665, 6778, 10240
2026/09/09 13:37:27.865, 6778, 10240
2026/09/09 13:37:28.065, 6778, 10240
2026/09/09 13:37:28.265, 6778, 10240
2026/09/09 13:37:28.465, 6778, 10240
2026/09/09 13:37:28.666, 6778, 10240
2026/09/09 13:37:28.866, 6778, 10240
2026/09/09 13:37:29.066, 6778, 10240
2026/09/09 13:37:29.266, 6778, 10240
2026/09/09 13:37:29.466, 6778, 10240
2026/09/09 13:37:29.667, 6778, 10240
2026/09/09 13:37:29.867, 6778, 10240
2026/09/09 13:37:30.067, 6778, 10240
2026/09/09 13:37:30.267, 6778, 10240
2026/09/09 13:37:30.467, 6778, 10240
2026/09/09 13:37:30.668, 6778, 10240
2026/09/09 13:37:30.868, 6778, 10240
2026/09/09 13:37:31.068, 6778, 10240
2026/09/09 13:37:31.268, 6778, 10240
2026/09/09 13:37:31.468, 6778, 10240
2026/09/09 13:37:31.669, 6778, 10240
2026/09/09 13:37:31.869, 6778, 10240
2026/09/09 13:37:32.069, 6778, 10240
2026/09/09 13:37:32.269, 6778, 10240
2026/09/09 13:37:32.469, 6778, 10240
2026/09/09 13:37:32.670, 6778, 10240
2026/09/09 13:37:32.870, 6778, 10240
2026/09/09 13:37:33.070, 6778, 10240
2026/09/09 13:37:33.270, 6778, 10240
2026/09/09 13:37:33.471, 6778, 10240
2026/09/09 13:37:33.671, 6778, 10240
2026/09/09 13:37:33.871, 6778, 10240
2026/09/09 13:37:34.071, 6778, 10240
2026/09/09 13:37:34.271, 6778, 10240
2026/09/09 13:37:34.472, 6778, 10240
2026/09/09 13:37:34.672, 6778, 10240
2026/09/09 13:37:34.872, 6778, 10240
2026/09/09 13:37:35.072, 6778, 10240
2026/09/09 13:37:35.272, 6778, 10240
2026/09/09 13:37:35.473, 6778, 10240
2026/09/09 13:37:35.673, 6778, 10240
2026/09/09 13:37:35.873, 6778, 10240
2026/09/09 13:37:36.073, 6778, 10240
2026/09/09 13:37:36.273, 6778, 10240
2026/09/09 13:37:36.474, 6778, 10240
2026/09/09 13:37:36.674, 6778, 10240
2026/09/09 13:37:36.874, 6778, 10240
2026/09/09 13:37:37.074, 6778, 10240
2026/09/09 13:37:37.274, 6778, 10240
2026/09/09 13:37:37.474, 6778, 10240
2026/09/09 13:37:37.675, 6778, 10240
2026/09/09 13:37:37.875, 6778, 10240
2026/09/09 13:37:38.075, 6778, 10240
2026/09/09 13:37:38.482, 6778, 10240
2026/09/09 13:37:38.682, 6778, 10240
2026/09/09 13:37:38.883, 6778, 10240
2026/09/09 13:37:39.083, 6778, 10240
2026/09/09 13:37:39.283, 6778, 10240
2026/09/09 13:37:39.483, 6778, 10240
2026/09/09 13:37:39.683, 6778, 10240
2026/09/09 13:37:40.000, 6778, 10240
2026/09/09 13:37:40.201, 6778, 10240
2026/09/09 13:37:40.401, 6778, 10240
2026/09/09 13:37:40.601, 6778, 10240
2026/09/09 13:37:40.801, 6782, 10240
2026/09/09 13:37:41.001, 6782, 10240
2026/09/09 13:37:41.201, 6782, 10240
2026/09/09 13:37:41.402, 6782, 10240
2026/09/09 13:37:41.602, 6782, 10240
2026/09/09 13:37:41.802, 6782, 10240
2026/09/09 13:37:42.002, 6782, 10240
2026/09/09 13:37:42.202, 6782, 10240
2026/09/09 13:37:42.403, 6782, 10240
2026/09/09 13:37:42.603, 6782, 10240
2026/09/09 13:37:42.803, 6782, 10240
2026/09/09 13:37:43.003, 6782, 10240
2026/09/09 13:37:43.203, 6782, 10240
2026/09/09 13:37:43.403, 6782, 10240
2026/09/09 13:37:43.604, 6782, 10240
2026/09/09 13:37:43.804, 6782, 10240
2026/09/09 13:37:44.004, 6782, 10240
2026/09/09 13:37:44.204, 6782, 10240
2026/09/09 13:37:44.404, 6782, 10240
2026/09/09 13:37:44.605, 6782, 10240
2026/09/09 13:37:44.805, 6782, 10240
2026/09/09 13:37:45.005, 6782, 10240
2026/09/09 13:37:45.205, 6782, 10240
2026/09/09 13:37:45.405, 6782, 10240
2026/09/09 13:37:45.605, 6782, 10240
2026/09/09 13:37:45.806, 6782, 10240
2026/09/09 13:37:46.006, 6782, 10240
2026/09/09 13:37:46.206, 6782, 10240
2026/09/09 13:37:46.407, 6782, 10240
2026/09/09 13:37:46.607, 6782, 10240
2026/09/09 13:37:46.808, 6782, 10240
2026/09/09 13:37:47.009, 6782, 10240
2026/09/09 13:37:47.209, 6782, 10240
2026/09/09 13:37:47.733, 6782, 10240
2026/09/09 13:37:47.933, 6782, 10240
2026/09/09 13:37:48.133, 6782, 10240
2026/09/09 13:37:48.333, 6782, 10240
2026/09/09 13:37:48.533, 6782, 10240
2026/09/09 13:37:48.734, 6782, 10240
2026/09/09 13:37:48.934, 6782, 10240
2026/09/09 13:37:49.134, 6782, 10240
2026/09/09 13:37:49.334, 6782, 10240
2026/09/09 13:37:49.534, 6782, 10240
2026/09/09 13:37:49.734, 6782, 10240
2026/09/09 13:37:49.935, 6782, 10240
2026/09/09 13:37:50.135, 6782, 10240
2026/09/09 13:37:50.335, 6782, 10240
2026/09/09 13:37:50.535, 6782, 10240
2026/09/09 13:37:50.735, 6782, 10240
2026/09/09 13:37:50.935, 6782, 10240
2026/09/09 13:37:51.136, 6782, 10240
2026/09/09 13:37:51.336, 6782, 10240
2026/09/09 13:37:51.536, 6782, 10240
2026/09/09 13:37:51.736, 6782, 10240
2026/09/09 13:37:51.937, 6782, 10240
2026/09/09 13:37:52.137, 6782, 10240
2026/09/09 13:37:52.337, 6782, 10240
2026/09/09 13:37:52.537, 6782, 10240
2026/09/09 13:37:52.737, 6782, 10240
2026/09/09 13:37:52.938, 6782, 10240
2026/09/09 13:37:53.138, 6782, 10240
2026/09/09 13:37:53.338, 6782, 10240
2026/09/09 13:37:53.538, 6782, 10240
2026/09/09 13:37:53.739, 6782, 10240
2026/09/09 13:37:53.939, 6782, 10240
2026/09/09 13:37:54.139, 6782, 10240
2026/09/09 13:37:54.339, 6782, 10240
2026/09/09 13:37:54.539, 6782, 10240
2026/09/09 13:37:54.739, 6782, 10240
2026/09/09 13:37:54.940, 6782, 10240
2026/09/09 13:37:55.140, 6782, 10240
2026/09/09 13:37:55.340, 6782, 10240
2026/09/09 13:37:55.540, 6782, 10240
2026/09/09 13:37:55.741, 6782, 10240
2026/09/09 13:37:55.941, 6782, 10240
2026/09/09 13:37:56.141, 6782, 10240
2026/09/09 13:37:56.341, 6782, 10240
2026/09/09 13:37:56.541, 6784, 10240
2026/09/09 13:37:56.742, 6784, 10240
2026/09/09 13:37:56.942, 6784, 10240
2026/09/09 13:37:57.142, 6784, 10240
2026/09/09 13:37:57.342, 6784, 10240
2026/09/09 13:37:57.543, 6784, 10240
2026/09/09 13:37:57.743, 6784, 10240
2026/09/09 13:37:57.943, 6784, 10240
2026/09/09 13:37:58.143, 6784, 10240
2026/09/09 13:37:58.343, 6784, 10240
2026/09/09 13:37:58.544, 6784, 10240
2026/09/09 13:37:58.744, 6784, 10240
2026/09/09 13:37:58.944, 6784, 10240
2026/09/09 13:37:59.144, 6784, 10240
2026/09/09 13:37:59.344, 6784, 10240
2026/09/09 13:37:59.545, 6784, 10240
2026/09/09 13:37:59.745, 6784, 10240
2026/09/09 13:37:59.945, 6784, 10240
2026/09/09 13:38:00.145, 6784, 10240
2026/09/09 13:38:00.345, 6784, 10240
2026/09/09 13:38:00.546, 6784, 10240
2026/09/09 13:38:00.746, 6784, 10240
2026/09/09 13:38:00.946, 6784, 10240
2026/09/09 13:38:01.146, 6784, 10240
2026/09/09 13:38:01.346, 6784, 10240
2026/09/09 13:38:01.546, 6784, 10240
2026/09/09 13:38:01.747, 6784, 10240
2026/09/09 13:38:01.947, 6784, 10240
2026/09/09 13:38:02.147, 6784, 10240
2026/09/09 13:38:02.347, 6784, 10240
2026/09/09 13:38:02.547, 6784, 10240
2026/09/09 13:38:02.748, 6784, 10240
2026/09/09 13:38:02.948, 6784, 10240
2026/09/09 13:38:03.148, 6784, 10240
2026/09/09 13:38:03.348, 6784, 10240
2026/09/09 13:38:03.548, 6784, 10240
2026/09/09 13:38:03.748, 6784, 10240
2026/09/09 13:38:03.949, 6784, 10240
2026/09/09 13:38:04.149, 6784, 10240
2026/09/09 13:38:04.349, 6784, 10240
2026/09/09 13:38:04.549, 6784, 10240
2026/09/09 13:38:04.749, 6784, 10240
2026/09/09 13:38:04.965, 6784, 10240
2026/09/09 13:38:05.165, 6784, 10240
2026/09/09 13:38:05.365, 6784, 10240
2026/09/09 13:38:05.565, 6784, 10240
2026/09/09 13:38:05.766, 6784, 10240
2026/09/09 13:38:05.966, 6784, 10240
2026/09/09 13:38:06.166, 6784, 10240
2026/09/09 13:38:06.366, 6784, 10240
2026/09/09 13:38:06.566, 6784, 10240
2026/09/09 13:38:06.767, 6784, 10240
2026/09/09 13:38:06.967, 6784, 10240
2026/09/09 13:38:07.167, 6784, 10240
2026/09/09 13:38:07.367, 6784, 10240
2026/09/09 13:38:07.567, 6784, 10240
2026/09/09 13:38:07.768, 6784, 10240
2026/09/09 13:38:07.968, 6784, 10240
2026/09/09 13:38:08.168, 6784, 10240
2026/09/09 13:38:08.368, 6784, 10240
2026/09/09 13:38:08.568, 6784, 10240
2026/09/09 13:38:08.769, 6784, 10240
2026/09/09 13:38:08.969, 6784, 10240
2026/09/09 13:38:09.169, 6784, 10240
2026/09/09 13:38:09.369, 6784, 10240
2026/09/09 13:38:09.569, 6784, 10240
2026/09/09 13:38:09.770, 6784, 10240
2026/09/09 13:38:09.970, 6784, 10240
2026/09/09 13:38:10.170, 6784, 10240
2026/09/09 13:38:10.370, 6784, 10240
2026/09/09 13:38:10.570, 6784, 10240
2026/09/09 13:38:10.770, 6784, 10240
2026/09/09 13:38:10.971, 6784, 10240
2026/09/09 13:38:11.171, 6784, 10240
2026/09/09 13:38:11.371, 6784, 10240
2026/09/09 13:38:11.767, 6784, 10240
2026/09/09 13:38:11.968, 6784, 10240
2026/09/09 13:38:12.168, 6784, 10240
2026/09/09 13:38:12.368, 6784, 10240
2026/09/09 13:38:12.568, 6784, 10240
2026/09/09 13:38:12.768, 6784, 10240
2026/09/09 13:38:12.969, 6784, 10240
2026/09/09 13:38:13.169, 6784, 10240
2026/09/09 13:38:13.369, 6784, 10240
2026/09/09 13:38:13.569, 6784, 10240
2026/09/09 13:38:13.769, 6784, 10240
2026/09/09 13:38:13.969, 6784, 10240
2026/09/09 13:38:14.170, 6784, 10240
2026/09/09 13:38:14.370, 6784, 10240
2026/09/09 13:38:14.570, 6784, 10240
2026/09/09 13:38:14.770, 6784, 10240
2026/09/09 13:38:14.970, 6784, 10240
2026/09/09 13:38:15.171, 6784, 10240
2026/09/09 13:38:15.371, 6784, 10240
2026/09/09 13:38:15.571, 6784, 10240
2026/09/09 13:38:15.771, 6784, 10240
2026/09/09 13:38:15.972, 6784, 10240
2026/09/09 13:38:16.172, 6784, 10240
2026/09/09 13:38:16.372, 6784, 10240
2026/09/09 13:38:16.572, 6784, 10240
2026/09/09 13:38:16.772, 6784, 10240
2026/09/09 13:38:16.973, 6784, 10240
2026/09/09 13:38:17.173, 6784, 10240
2026/09/09 13:38:17.373, 6784, 10240
2026/09/09 13:38:17.573, 6784, 10240
2026/09/09 13:38:17.773, 6784, 10240
2026/09/09 13:38:17.973, 6784, 10240
2026/09/09 13:38:18.174, 6784, 10240
2026/09/09 13:38:18.374, 6784, 10240
2026/09/09 13:38:18.574, 6784, 10240
2026/09/09 13:38:18.774, 6784, 10240
2026/09/09 13:38:18.974, 6784, 10240
2026/09/09 13:38:19.174, 6784, 10240
2026/09/09 13:38:19.375, 6784, 10240
2026/09/09 13:38:19.575, 6784, 10240
2026/09/09 13:38:19.775, 6784, 10240
2026/09/09 13:38:19.975, 6784, 10240
2026/09/09 13:38:20.175, 6784, 10240
2026/09/09 13:38:20.376, 6784, 10240
2026/09/09 13:38:20.576, 6784, 10240
2026/09/09 13:38:20.776, 6784, 10240
2026/09/09 13:38:20.976, 6784, 10240
2026/09/09 13:38:21.176, 6784, 10240
2026/09/09 13:38:21.377, 6784, 10240
2026/09/09 13:38:21.577, 6784, 10240
2026/09/09 13:38:21.777, 6784, 10240
2026/09/09 13:38:21.977, 6784, 10240
2026/09/09 13:38:22.177, 6784, 10240
2026/09/09 13:38:22.377, 6784, 10240
2026/09/09 13:38:22.578, 6784, 10240
2026/09/09 13:38:22.778, 6784, 10240
2026/09/09 13:38:22.978, 6784, 10240
2026/09/09 13:38:23.178, 6784, 10240
2026/09/09 13:38:23.378, 6784, 10240
2026/09/09 13:38:23.579, 6784, 10240
2026/09/09 13:38:23.779, 6784, 10240
2026/09/09 13:38:23.979, 6784, 10240
2026/09/09 13:38:24.179, 6784, 10240
2026/09/09 13:38:24.379, 6784, 10240
2026/09/09 13:38:24.579, 6784, 10240
2026/09/09 13:38:24.780, 6784, 10240
2026/09/09 13:38:24.980, 6784, 10240
2026/09/09 13:38:25.180, 6784, 10240
2026/09/09 13:38:25.380, 6784, 10240
2026/09/09 13:38:25.580, 6784, 10240
2026/09/09 13:38:25.781, 6784, 10240
2026/09/09 13:38:25.981, 6784, 10240
2026/09/09 13:38:26.181, 6784, 10240
2026/09/09 13:38:26.381, 6784, 10240
2026/09/09 13:38:26.582, 6784, 10240
2026/09/09 13:38:26.782, 6784, 10240
2026/09/09 13:38:26.982, 6784, 10240
2026/09/09 13:38:27.182, 6784, 10240
2026/09/09 13:38:27.382, 6784, 10240
2026/09/09 13:38:27.582, 6784, 10240
2026/09/09 13:38:27.783, 6784, 10240
2026/09/09 13:38:27.983, 6784, 10240
2026/09/09 13:38:28.183, 6784, 10240
2026/09/09 13:38:28.383, 6784, 10240
2026/09/09 13:38:28.583, 6784, 10240
2026/09/09 13:38:28.784, 6784, 10240
2026/09/09 13:38:28.984, 6784, 10240
2026/09/09 13:38:29.184, 6784, 10240
2026/09/09 13:38:29.384, 6784, 10240
2026/09/09 13:38:29.584, 6784, 10240
2026/09/09 13:38:29.784, 6784, 10240
2026/09/09 13:38:29.985, 6784, 10240
2026/09/09 13:38:30.185, 6784, 10240
2026/09/09 13:38:30.385, 6784, 10240
2026/09/09 13:38:30.585, 6784, 10240
2026/09/09 13:38:30.785, 6784, 10240
2026/09/09 13:38:30.986, 6784, 10240
2026/09/09 13:38:31.186, 6784, 10240
2026/09/09 13:38:31.386, 6784, 10240
2026/09/09 13:38:31.586, 6784, 10240
2026/09/09 13:38:31.786, 6784, 10240
2026/09/09 13:38:31.987, 6784, 10240
2026/09/09 13:38:32.187, 6784, 10240
2026/09/09 13:38:32.387, 6784, 10240
2026/09/09 13:38:32.587, 6784, 10240
2026/09/09 13:38:32.787, 6784, 10240
2026/09/09 13:38:32.987, 6784, 10240
2026/09/09 13:38:33.188, 6784, 10240
2026/09/09 13:38:33.388, 6784, 10240
2026/09/09 13:38:33.588, 6784, 10240
2026/09/09 13:38:33.788, 6784, 10240
2026/09/09 13:38:33.988, 6784, 10240
2026/09/09 13:38:34.188, 6784, 10240
2026/09/09 13:38:34.389, 6784, 10240
2026/09/09 13:38:34.589, 6784, 10240
2026/09/09 13:38:34.789, 6784, 10240
2026/09/09 13:38:34.989, 6784, 10240
2026/09/09 13:38:35.189, 6784, 10240
2026/09/09 13:38:35.389, 6784, 10240
2026/09/09 13:38:35.589, 6784, 10240
2026/09/09 13:38:35.790, 6784, 10240
2026/09/09 13:38:35.990, 6784, 10240
2026/09/09 13:38:36.190, 6784, 10240
2026/09/09 13:38:36.390, 6784, 10240
2026/09/09 13:38:36.590, 6784, 10240
2026/09/09 13:38:36.791, 6784, 10240
2026/09/09 13:38:36.991, 6784, 10240
2026/09/09 13:38:37.191, 6784, 10240
2026/09/09 13:38:37.391, 6784, 10240
2026/09/09 13:38:37.591, 6784, 10240
2026/09/09 13:38:37.791, 6784, 10240
2026/09/09 13:38:37.992, 6784, 10240
2026/09/09 13:38:38.192, 6784, 10240
2026/09/09 13:38:38.392, 6784, 10240
2026/09/09 13:38:38.592, 6784, 10240
2026/09/09 13:38:38.792, 6784, 10240
2026/09/09 13:38:38.992, 6784, 10240
2026/09/09 13:38:39.193, 6784, 10240
2026/09/09 13:38:39.393, 6784, 10240
2026/09/09 13:38:39.593, 6784, 10240
2026/09/09 13:38:39.793, 6784, 10240
2026/09/09 13:38:39.993, 6784, 10240
2026/09/09 13:38:40.193, 6784, 10240
2026/09/09 13:38:40.394, 6784, 10240
2026/09/09 13:38:40.594, 6784, 10240
2026/09/09 13:38:40.794, 6784, 10240
2026/09/09 13:38:40.994, 6784, 10240
2026/09/09 13:38:41.194, 6784, 10240
2026/09/09 13:38:41.395, 6784, 10240
2026/09/09 13:38:41.595, 6784, 10240
2026/09/09 13:38:41.795, 6784, 10240
2026/09/09 13:38:41.995, 6784, 10240
2026/09/09 13:38:42.196, 6784, 10240
2026/09/09 13:38:42.396, 6784, 10240
2026/09/09 13:38:42.596, 6784, 10240
2026/09/09 13:38:42.796, 6784, 10240
2026/09/09 13:38:42.996, 6784, 10240
2026/09/09 13:38:43.197, 6784, 10240
2026/09/09 13:38:43.397, 6784, 10240
2026/09/09 13:38:43.597, 6784, 10240
2026/09/09 13:38:43.798, 6784, 10240
2026/09/09 13:38:43.999, 6784, 10240
2026/09/09 13:38:44.199, 6784, 10240
2026/09/09 13:38:44.400, 6784, 10240
2026/09/09 13:38:44.600, 6784, 10240
2026/09/09 13:38:44.800, 6784, 10240
2026/09/09 13:38:45.000, 6784, 10240
2026/09/09 13:38:45.201, 6784, 10240
2026/09/09 13:38:45.401, 6784, 10240
2026/09/09 13:38:45.601, 6784, 10240
2026/09/09 13:38:45.801, 6784, 10240
2026/09/09 13:38:46.001, 6784, 10240
2026/09/09 13:38:46.201, 6784, 10240
2026/09/09 13:38:46.401, 6784, 10240
2026/09/09 13:38:46.602, 6784, 10240
2026/09/09 13:38:46.802, 6784, 10240
2026/09/09 13:38:47.002, 6784, 10240
2026/09/09 13:38:47.202, 6784, 10240
2026/09/09 13:38:47.402, 6784, 10240
2026/09/09 13:38:47.602, 6784, 10240
2026/09/09 13:38:47.802, 6784, 10240
2026/09/09 13:38:48.003, 6784, 10240
2026/09/09 13:38:48.203, 6784, 10240
2026/09/09 13:38:48.403, 6784, 10240
2026/09/09 13:38:48.603, 6784, 10240
2026/09/09 13:38:48.803, 6784, 10240
2026/09/09 13:38:49.003, 6784, 10240
2026/09/09 13:38:49.204, 6784, 10240
2026/09/09 13:38:49.404, 6784, 10240
2026/09/09 13:38:49.604, 6784, 10240
2026/09/09 13:38:49.804, 6784, 10240
2026/09/09 13:38:50.005, 6784, 10240
2026/09/09 13:38:50.205, 6784, 10240
2026/09/09 13:38:50.405, 6784, 10240
2026/09/09 13:38:50.605, 6784, 10240
2026/09/09 13:38:50.805, 6784, 10240
2026/09/09 13:38:51.006, 6784, 10240
2026/09/09 13:38:51.206, 6784, 10240
2026/09/09 13:38:51.406, 6784, 10240
2026/09/09 13:38:51.606, 6784, 10240
2026/09/09 13:38:51.806, 6784, 10240
2026/09/09 13:38:52.007, 6784, 10240
2026/09/09 13:38:52.207, 6784, 10240
2026/09/09 13:38:52.407, 6784, 10240
2026/09/09 13:38:52.607, 6784, 10240
2026/09/09 13:38:52.807, 6784, 10240
2026/09/09 13:38:53.008, 6784, 10240
2026/09/09 13:38:53.209, 6784, 10240
2026/09/09 13:38:53.409, 6784, 10240
2026/09/09 13:38:53.609, 6784, 10240
2026/09/09 13:38:53.809, 6784, 10240
2026/09/09 13:38:54.010, 6784, 10240
2026/09/09 13:38:54.210, 6784, 10240
2026/09/09 13:38:54.410, 6784, 10240
2026/09/09 13:38:54.610, 6784, 10240
2026/09/09 13:38:54.810, 6784, 10240
2026/09/09 13:38:55.011, 6784, 10240
2026/09/09 13:38:55.211, 6784, 10240
2026/09/09 13:38:55.411, 6784, 10240
2026/09/09 13:38:55.611, 6784, 10240
2026/09/09 13:38:55.811, 6784, 10240
2026/09/09 13:38:56.011, 6784, 10240
2026/09/09 13:38:56.212, 6784, 10240
2026/09/09 13:38:56.412, 6784, 10240
2026/09/09 13:38:56.612, 6784, 10240
2026/09/09 13:38:56.812, 6784, 10240
2026/09/09 13:38:57.012, 6784, 10240
2026/09/09 13:38:57.212, 6784, 10240
2026/09/09 13:38:57.413, 6784, 10240
2026/09/09 13:38:57.613, 6784, 10240
2026/09/09 13:38:57.813, 6784, 10240
2026/09/09 13:38:58.013, 6784, 10240
2026/09/09 13:38:58.213, 6784, 10240
2026/09/09 13:38:58.413, 6784, 10240
2026/09/09 13:38:58.614, 6784, 10240
2026/09/09 13:38:58.814, 6784, 10240
2026/09/09 13:38:59.014, 6784, 10240
2026/09/09 13:38:59.214, 6784, 10240
2026/09/09 13:38:59.414, 6784, 10240
2026/09/09 13:38:59.615, 6784, 10240
2026/09/09 13:38:59.815, 6784, 10240
2026/09/09 13:39:00.015, 6784, 10240
2026/09/09 13:39:00.215, 6784, 10240
2026/09/09 13:39:00.415, 6784, 10240
2026/09/09 13:39:00.616, 6784, 10240
2026/09/09 13:39:00.816, 6784, 10240
2026/09/09 13:39:01.016, 6784, 10240
2026/09/09 13:39:01.216, 6784, 10240
2026/09/09 13:39:01.416, 6784, 10240
2026/09/09 13:39:01.617, 6784, 10240
2026/09/09 13:39:01.817, 6784, 10240
2026/09/09 13:39:02.017, 6784, 10240
2026/09/09 13:39:02.217, 6784, 10240
2026/09/09 13:39:02.417, 6784, 10240
2026/09/09 13:39:02.618, 6784, 10240
2026/09/09 13:39:02.818, 6784, 10240
2026/09/09 13:39:03.018, 6784, 10240
2026/09/09 13:39:03.218, 6784, 10240
2026/09/09 13:39:03.418, 6784, 10240
2026/09/09 13:39:03.619, 6784, 10240
2026/09/09 13:39:03.819, 6784, 10240
2026/09/09 13:39:04.019, 6784, 10240
2026/09/09 13:39:04.219, 6784, 10240
2026/09/09 13:39:04.419, 6784, 10240
2026/09/09 13:39:04.620, 6784, 10240
2026/09/09 13:39:04.820, 6784, 10240
2026/09/09 13:39:05.020, 6784, 10240
2026/09/09 13:39:05.220, 6784, 10240
2026/09/09 13:39:05.420, 6784, 10240
2026/09/09 13:39:05.621, 6784, 10240
2026/09/09 13:39:05.821, 6784, 10240
2026/09/09 13:39:06.021, 6784, 10240
2026/09/09 13:39:06.221, 6784, 10240
2026/09/09 13:39:06.421, 6784, 10240
2026/09/09 13:39:06.622, 6784, 10240
2026/09/09 13:39:06.822, 6784, 10240
2026/09/09 13:39:07.022, 6784, 10240
2026/09/09 13:39:07.222, 6784, 10240
2026/09/09 13:39:07.423, 6784, 10240
2026/09/09 13:39:07.623, 6784, 10240
2026/09/09 13:39:07.823, 6784, 10240
2026/09/09 13:39:08.023, 6784, 10240
2026/09/09 13:39:08.223, 6784, 10240
2026/09/09 13:39:08.423, 6784, 10240
2026/09/09 13:39:08.624, 6784, 10240
2026/09/09 13:39:08.824, 6784, 10240
2026/09/09 13:39:09.024, 6784, 10240
2026/09/09 13:39:09.224, 6784, 10240
2026/09/09 13:39:09.424, 6784, 10240
2026/09/09 13:39:09.624, 6784, 10240
2026/09/09 13:39:09.825, 6784, 10240
2026/09/09 13:39:10.025, 6784, 10240
2026/09/09 13:39:10.225, 6784, 10240
2026/09/09 13:39:10.425, 6784, 10240
2026/09/09 13:39:10.625, 6784, 10240
2026/09/09 13:39:10.826, 6784, 10240
2026/09/09 13:39:11.026, 6784, 10240
2026/09/09 13:39:11.226, 6784, 10240
2026/09/09 13:39:11.426, 6784, 10240
2026/09/09 13:39:11.626, 6784, 10240
2026/09/09 13:39:11.826, 6784, 10240
2026/09/09 13:39:12.027, 6784, 10240
2026/09/09 13:39:12.227, 6784, 10240
2026/09/09 13:39:12.427, 6784, 10240
2026/09/09 13:39:12.627, 6784, 10240
2026/09/09 13:39:12.827, 6784, 10240
2026/09/09 13:39:13.028, 6784, 10240
2026/09/09 13:39:13.228, 6784, 10240
2026/09/09 13:39:13.428, 6784, 10240
2026/09/09 13:39:13.628, 6784, 10240
2026/09/09 13:39:13.828, 6784, 10240
2026/09/09 13:39:14.028, 6784, 10240
2026/09/09 13:39:14.229, 6784, 10240
2026/09/09 13:39:14.429, 6784, 10240
2026/09/09 13:39:14.629, 6784, 10240
2026/09/09 13:39:14.829, 6784, 10240
2026/09/09 13:39:15.029, 6784, 10240
2026/09/09 13:39:15.229, 6784, 10240
2026/09/09 13:39:15.429, 6784, 10240
2026/09/09 13:39:15.630, 6784, 10240
2026/09/09 13:39:15.830, 6784, 10240
2026/09/09 13:39:16.030, 6784, 10240
2026/09/09 13:39:16.230, 6784, 10240
2026/09/09 13:39:16.431, 6784, 10240
2026/09/09 13:39:16.631, 6784, 10240
2026/09/09 13:39:16.831, 6784, 10240
2026/09/09 13:39:17.031, 6784, 10240
2026/09/09 13:39:17.231, 6784, 10240
2026/09/09 13:39:17.441, 6784, 10240
2026/09/09 13:39:17.641, 6784, 10240
2026/09/09 13:39:17.841, 6784, 10240
2026/09/09 13:39:18.041, 6784, 10240
2026/09/09 13:39:18.241, 6784, 10240
2026/09/09 13:39:18.441, 6784, 10240
2026/09/09 13:39:18.642, 6784, 10240
2026/09/09 13:39:18.842, 6784, 10240
2026/09/09 13:39:19.042, 6784, 10240
2026/09/09 13:39:19.242, 6784, 10240
2026/09/09 13:39:19.442, 6784, 10240
2026/09/09 13:39:19.643, 6784, 10240
2026/09/09 13:39:19.843, 6784, 10240
2026/09/09 13:39:20.043, 6784, 10240
2026/09/09 13:39:20.243, 6784, 10240
2026/09/09 13:39:20.443, 6784, 10240
2026/09/09 13:39:20.644, 6784, 10240
2026/09/09 13:39:20.844, 6784, 10240
2026/09/09 13:39:21.044, 6784, 10240
2026/09/09 13:39:21.244, 6784, 10240
2026/09/09 13:39:21.444, 6784, 10240
2026/09/09 13:39:21.644, 6784, 10240
2026/09/09 13:39:21.845, 6784, 10240
2026/09/09 13:39:22.045, 6784, 10240
2026/09/09 13:39:22.245, 6784, 10240
2026/09/09 13:39:22.445, 6784, 10240
2026/09/09 13:39:22.645, 6784, 10240
2026/09/09 13:39:22.845, 6784, 10240
2026/09/09 13:39:23.046, 6784, 10240
2026/09/09 13:39:23.246, 6784, 10240
2026/09/09 13:39:23.446, 6784, 10240
2026/09/09 13:39:23.646, 6784, 10240
2026/09/09 13:39:23.846, 6784, 10240
2026/09/09 13:39:24.047, 6784, 10240
2026/09/09 13:39:24.247, 6784, 10240
2026/09/09 13:39:24.447, 6784, 10240
2026/09/09 13:39:24.647, 6784, 10240
2026/09/09 13:39:24.847, 6784, 10240
2026/09/09 13:39:25.048, 6784, 10240
2026/09/09 13:39:25.248, 6784, 10240
2026/09/09 13:39:25.448, 6784, 10240
2026/09/09 13:39:25.648, 6784, 10240
2026/09/09 13:39:25.848, 6784, 10240
2026/09/09 13:39:26.049, 6784, 10240
2026/09/09 13:39:26.249, 6784, 10240
2026/09/09 13:39:26.449, 6784, 10240
2026/09/09 13:39:26.649, 6784, 10240
2026/09/09 13:39:26.849, 6784, 10240
2026/09/09 13:39:27.050, 6784, 10240
2026/09/09 13:39:27.250, 6784, 10240
2026/09/09 13:39:27.450, 6784, 10240
2026/09/09 13:39:27.650, 6784, 10240
2026/09/09 13:39:27.850, 6784, 10240
2026/09/09 13:39:28.050, 6784, 10240
2026/09/09 13:39:28.250, 6784, 10240
2026/09/09 13:39:28.450, 6784, 10240
2026/09/09 13:39:28.651, 6784, 10240
2026/09/09 13:39:28.851, 6784, 10240
2026/09/09 13:39:29.051, 6784, 10240
2026/09/09 13:39:29.251, 6784, 10240
2026/09/09 13:39:29.451, 6784, 10240
2026/09/09 13:39:29.652, 6784, 10240
2026/09/09 13:39:29.852, 6784, 10240
2026/09/09 13:39:30.052, 6784, 10240
2026/09/09 13:39:30.252, 6784, 10240
2026/09/09 13:39:30.452, 6784, 10240
2026/09/09 13:39:30.653, 6784, 10240
2026/09/09 13:39:30.853, 6784, 10240
2026/09/09 13:39:31.053, 6784, 10240
2026/09/09 13:39:31.253, 6784, 10240
2026/09/09 13:39:31.453, 6784, 10240
2026/09/09 13:39:31.654, 6784, 10240
2026/09/09 13:39:31.854, 6784, 10240
2026/09/09 13:39:32.054, 6784, 10240
2026/09/09 13:39:32.254, 6784, 10240
2026/09/09 13:39:32.454, 6784, 10240
2026/09/09 13:39:32.654, 6784, 10240
2026/09/09 13:39:32.855, 6784, 10240
2026/09/09 13:39:33.055, 6784, 10240
2026/09/09 13:39:33.255, 6784, 10240
2026/09/09 13:39:33.455, 6784, 10240
2026/09/09 13:39:33.655, 6784, 10240
2026/09/09 13:39:33.856, 6784, 10240
2026/09/09 13:39:34.056, 6784, 10240
2026/09/09 13:39:34.256, 6784, 10240
2026/09/09 13:39:34.456, 6784, 10240
2026/09/09 13:39:34.657, 6784, 10240
2026/09/09 13:39:34.857, 6784, 10240
2026/09/09 13:39:35.057, 6784, 10240
2026/09/09 13:39:35.257, 6784, 10240
2026/09/09 13:39:35.457, 6784, 10240
2026/09/09 13:39:35.658, 6784, 10240
2026/09/09 13:39:35.858, 6784, 10240
2026/09/09 13:39:36.058, 6784, 10240
2026/09/09 13:39:36.258, 6784, 10240
2026/09/09 13:39:36.459, 6784, 10240
2026/09/09 13:39:36.659, 6784, 10240
2026/09/09 13:39:36.859, 6784, 10240
2026/09/09 13:39:37.059, 6784, 10240
2026/09/09 13:39:37.259, 6784, 10240
2026/09/09 13:39:37.460, 6784, 10240
2026/09/09 13:39:37.660, 6784, 10240
2026/09/09 13:39:37.860, 6784, 10240
2026/09/09 13:39:38.060, 6784, 10240
2026/09/09 13:39:38.260, 6784, 10240
2026/09/09 13:39:38.461, 6784, 10240
2026/09/09 13:39:38.661, 6784, 10240
2026/09/09 13:39:38.861, 6784, 10240
2026/09/09 13:39:39.061, 6784, 10240
2026/09/09 13:39:39.261, 6784, 10240
2026/09/09 13:39:39.462, 6784, 10240
2026/09/09 13:39:39.662, 6784, 10240
2026/09/09 13:39:39.862, 6784, 10240
2026/09/09 13:39:40.062, 6784, 10240
2026/09/09 13:39:40.262, 6784, 10240
2026/09/09 13:39:40.462, 6784, 10240
2026/09/09 13:39:40.663, 6784, 10240
2026/09/09 13:39:40.863, 6784, 10240
2026/09/09 13:39:41.063, 6784, 10240
2026/09/09 13:39:41.263, 6784, 10240
2026/09/09 13:39:41.463, 6784, 10240
2026/09/09 13:39:41.663, 6784, 10240
2026/09/09 13:39:41.864, 6784, 10240
2026/09/09 13:39:42.064, 6784, 10240
2026/09/09 13:39:42.264, 6784, 10240
2026/09/09 13:39:42.464, 6784, 10240
2026/09/09 13:39:42.664, 6784, 10240
2026/09/09 13:39:42.865, 6784, 10240
2026/09/09 13:39:43.065, 6784, 10240
2026/09/09 13:39:43.265, 6784, 10240
2026/09/09 13:39:43.465, 6784, 10240
2026/09/09 13:39:43.665, 6784, 10240
2026/09/09 13:39:43.865, 6784, 10240
2026/09/09 13:39:44.065, 6784, 10240
2026/09/09 13:39:44.266, 6784, 10240
2026/09/09 13:39:44.466, 6784, 10240
2026/09/09 13:39:44.666, 6784, 10240
2026/09/09 13:39:44.866, 6784, 10240
2026/09/09 13:39:45.066, 6784, 10240
2026/09/09 13:39:45.266, 6784, 10240
2026/09/09 13:39:45.466, 6784, 10240
2026/09/09 13:39:45.667, 6784, 10240
2026/09/09 13:39:45.867, 6784, 10240
2026/09/09 13:39:46.067, 6784, 10240
2026/09/09 13:39:46.267, 6784, 10240
2026/09/09 13:39:46.467, 6784, 10240
2026/09/09 13:39:46.667, 6784, 10240
2026/09/09 13:39:46.867, 6784, 10240
2026/09/09 13:39:47.068, 6784, 10240
2026/09/09 13:39:47.268, 6784, 10240
2026/09/09 13:39:47.468, 6784, 10240
2026/09/09 13:39:47.668, 6784, 10240
2026/09/09 13:39:47.868, 6784, 10240
2026/09/09 13:39:48.068, 6784, 10240
2026/09/09 13:39:48.268, 6784, 10240
2026/09/09 13:39:48.469, 6784, 10240
2026/09/09 13:39:48.669, 6784, 10240
2026/09/09 13:39:48.869, 6784, 10240
2026/09/09 13:39:49.069, 6784, 10240
2026/09/09 13:39:49.269, 6784, 10240
2026/09/09 13:39:49.470, 6784, 10240
2026/09/09 13:39:49.670, 6784, 10240
2026/09/09 13:39:49.870, 6784, 10240
2026/09/09 13:39:50.070, 6784, 10240
2026/09/09 13:39:50.270, 6784, 10240
2026/09/09 13:39:50.470, 6784, 10240
2026/09/09 13:39:50.671, 6784, 10240
2026/09/09 13:39:50.871, 6784, 10240
2026/09/09 13:39:51.071, 6784, 10240
2026/09/09 13:39:51.271, 6784, 10240
2026/09/09 13:39:51.471, 6784, 10240
2026/09/09 13:39:51.672, 6784, 10240
2026/09/09 13:39:51.872, 6784, 10240
2026/09/09 13:39:52.072, 6784, 10240
2026/09/09 13:39:52.272, 6784, 10240
2026/09/09 13:39:52.472, 6784, 10240
2026/09/09 13:39:52.673, 6784, 10240
2026/09/09 13:39:52.873, 6784, 10240
2026/09/09 13:39:53.073, 6784, 10240
2026/09/09 13:39:53.273, 6784, 10240
2026/09/09 13:39:53.473, 6784, 10240
2026/09/09 13:39:53.673, 6784, 10240
2026/09/09 13:39:53.873, 6784, 10240
2026/09/09 13:39:54.074, 6784, 10240
2026/09/09 13:39:54.274, 6784, 10240
2026/09/09 13:39:54.474, 6784, 10240
2026/09/09 13:39:54.674, 6784, 10240
2026/09/09 13:39:54.874, 6784, 10240
2026/09/09 13:39:55.074, 6784, 10240
2026/09/09 13:39:55.275, 6784, 10240
2026/09/09 13:39:55.475, 6784, 10240
2026/09/09 13:39:55.675, 6784, 10240
2026/09/09 13:39:55.875, 6784, 10240
2026/09/09 13:39:56.075, 6784, 10240
2026/09/09 13:39:56.275, 6784, 10240
2026/09/09 13:39:56.476, 6784, 10240
2026/09/09 13:39:56.676, 6784, 10240
2026/09/09 13:39:56.876, 6784, 10240
2026/09/09 13:39:57.076, 6784, 10240
2026/09/09 13:39:57.276, 6784, 10240
2026/09/09 13:39:57.476, 6784, 10240
2026/09/09 13:39:57.676, 6784, 10240
2026/09/09 13:39:57.877, 6784, 10240
2026/09/09 13:39:58.077, 6784, 10240
2026/09/09 13:39:58.277, 6784, 10240
2026/09/09 13:39:58.477, 6784, 10240
2026/09/09 13:39:58.677, 6784, 10240
2026/09/09 13:39:58.877, 6784, 10240
2026/09/09 13:39:59.078, 6784, 10240
2026/09/09 13:39:59.278, 6784, 10240
2026/09/09 13:39:59.478, 6784, 10240
2026/09/09 13:39:59.678, 6784, 10240
2026/09/09 13:39:59.878, 6784, 10240
2026/09/09 13:40:00.078, 6784, 10240
2026/09/09 13:40:00.278, 6784, 10240
2026/09/09 13:40:00.479, 6784, 10240
2026/09/09 13:40:00.679, 6784, 10240
2026/09/09 13:40:00.879, 6784, 10240
2026/09/09 13:40:01.079, 6784, 10240
2026/09/09 13:40:01.279, 6784, 10240
2026/09/09 13:40:01.479, 6784, 10240
2026/09/09 13:40:01.679, 6784, 10240
2026/09/09 13:40:01.880, 6784, 10240
2026/09/09 13:40:02.080, 6784, 10240
2026/09/09 13:40:02.280, 6784, 10240
2026/09/09 13:40:02.480, 6784, 10240
2026/09/09 13:40:02.680, 6784, 10240
2026/09/09 13:40:02.881, 6784, 10240
2026/09/09 13:40:03.081, 6784, 10240
2026/09/09 13:40:03.281, 6784, 10240
2026/09/09 13:40:03.481, 6784, 10240
2026/09/09 13:40:03.681, 6784, 10240
2026/09/09 13:40:03.881, 6784, 10240
2026/09/09 13:40:04.082, 6784, 10240
2026/09/09 13:40:04.282, 6784, 10240
2026/09/09 13:40:04.482, 6784, 10240
2026/09/09 13:40:04.682, 6784, 10240
2026/09/09 13:40:04.882, 6784, 10240
2026/09/09 13:40:05.082, 6784, 10240
2026/09/09 13:40:05.283, 6784, 10240
2026/09/09 13:40:05.483, 6784, 10240
2026/09/09 13:40:05.683, 6784, 10240
2026/09/09 13:40:05.883, 6784, 10240
2026/09/09 13:40:06.083, 6784, 10240
2026/09/09 13:40:06.283, 6784, 10240
2026/09/09 13:40:06.483, 6784, 10240
2026/09/09 13:40:06.684, 6784, 10240
2026/09/09 13:40:06.884, 6784, 10240
2026/09/09 13:40:07.084, 6784, 10240
2026/09/09 13:40:07.284, 6784, 10240
2026/09/09 13:40:07.484, 6784, 10240
2026/09/09 13:40:07.685, 6784, 10240
2026/09/09 13:40:07.885, 6784, 10240
2026/09/09 13:40:08.085, 6784, 10240
2026/09/09 13:40:08.285, 6784, 10240
2026/09/09 13:40:08.485, 6784, 10240
2026/09/09 13:40:08.686, 6784, 10240
2026/09/09 13:40:08.886, 6784, 10240
2026/09/09 13:40:09.086, 6784, 10240
2026/09/09 13:40:09.286, 6784, 10240
2026/09/09 13:40:09.486, 6784, 10240
2026/09/09 13:40:09.687, 6784, 10240
2026/09/09 13:40:09.887, 6784, 10240
2026/09/09 13:40:10.087, 6784, 10240
2026/09/09 13:40:10.287, 6784, 10240
2026/09/09 13:40:10.487, 6784, 10240
2026/09/09 13:40:10.687, 6784, 10240
2026/09/09 13:40:10.888, 6784, 10240
2026/09/09 13:40:11.088, 6784, 10240
2026/09/09 13:40:11.288, 6784, 10240
2026/09/09 13:40:11.488, 6784, 10240
2026/09/09 13:40:11.688, 6784, 10240
2026/09/09 13:40:11.889, 6784, 10240
2026/09/09 13:40:12.091, 6784, 10240
2026/09/09 13:40:12.291, 6784, 10240
2026/09/09 13:40:12.492, 6784, 10240
2026/09/09 13:40:12.692, 6784, 10240
2026/09/09 13:40:12.892, 6784, 10240
2026/09/09 13:40:13.092, 6784, 10240
2026/09/09 13:40:13.292, 6784, 10240
2026/09/09 13:40:13.493, 6784, 10240
2026/09/09 13:40:13.693, 6784, 10240
2026/09/09 13:40:13.893, 6784, 10240
2026/09/09 13:40:14.093, 6784, 10240
2026/09/09 13:40:14.293, 6784, 10240
2026/09/09 13:40:14.494, 6784, 10240
2026/09/09 13:40:14.695, 6784, 10240
2026/09/09 13:40:14.896, 6784, 10240
2026/09/09 13:40:15.096, 6784, 10240
2026/09/09 13:40:15.296, 6784, 10240
2026/09/09 13:40:15.496, 6784, 10240
2026/09/09 13:40:15.696, 6784, 10240
2026/09/09 13:40:15.897, 6784, 10240
2026/09/09 13:40:16.097, 6784, 10240
2026/09/09 13:40:16.297, 6784, 10240
2026/09/09 13:40:16.497, 6784, 10240
2026/09/09 13:40:16.697, 6784, 10240
2026/09/09 13:40:17.201, 6784, 10240
2026/09/09 13:40:17.401, 6784, 10240
2026/09/09 13:40:17.655, 6784, 10240
2026/09/09 13:40:17.856, 6784, 10240
2026/09/09 13:40:18.056, 6784, 10240
2026/09/09 13:40:18.370, 6784, 10240
2026/09/09 13:40:18.570, 6784, 10240
2026/09/09 13:40:18.771, 6784, 10240
2026/09/09 13:40:18.971, 6784, 10240
2026/09/09 13:40:19.171, 6784, 10240
2026/09/09 13:40:19.371, 6784, 10240
2026/09/09 13:40:19.571, 6784, 10240
2026/09/09 13:40:19.772, 6784, 10240
2026/09/09 13:40:19.972, 6784, 10240
2026/09/09 13:40:20.241, 6784, 10240
2026/09/09 13:40:20.441, 6784, 10240
2026/09/09 13:40:20.641, 6784, 10240
2026/09/09 13:40:20.842, 6784, 10240
2026/09/09 13:40:21.042, 6784, 10240
2026/09/09 13:40:21.242, 6784, 10240
2026/09/09 13:40:21.442, 6784, 10240
2026/09/09 13:40:21.642, 6784, 10240
2026/09/09 13:40:21.842, 6784, 10240
2026/09/09 13:40:22.043, 6784, 10240
2026/09/09 13:40:22.243, 6784, 10240
2026/09/09 13:40:22.443, 6784, 10240
2026/09/09 13:40:22.643, 6784, 10240
2026/09/09 13:40:22.844, 6784, 10240
2026/09/09 13:40:23.044, 6784, 10240
2026/09/09 13:40:23.244, 6784, 10240
2026/09/09 13:40:23.444, 6784, 10240
2026/09/09 13:40:23.644, 6784, 10240
2026/09/09 13:40:23.845, 6784, 10240
2026/09/09 13:40:24.045, 6784, 10240
2026/09/09 13:40:24.245, 6784, 10240
2026/09/09 13:40:24.445, 6784, 10240
2026/09/09 13:40:24.645, 6784, 10240
2026/09/09 13:40:24.846, 6784, 10240
2026/09/09 13:40:25.046, 6784, 10240
2026/09/09 13:40:25.246, 6784, 10240
2026/09/09 13:40:25.446, 6784, 10240
2026/09/09 13:40:25.646, 6784, 10240
2026/09/09 13:40:25.846, 6784, 10240
2026/09/09 13:40:26.047, 6784, 10240
2026/09/09 13:40:26.247, 6784, 10240
2026/09/09 13:40:26.447, 6784, 10240
2026/09/09 13:40:26.647, 6784, 10240
2026/09/09 13:40:26.847, 6784, 10240
2026/09/09 13:40:27.047, 6784, 10240
2026/09/09 13:40:27.248, 6784, 10240
2026/09/09 13:40:27.448, 6784, 10240
2026/09/09 13:40:27.648, 6784, 10240
2026/09/09 13:40:27.848, 6784, 10240
2026/09/09 13:40:28.048, 6784, 10240
2026/09/09 13:40:28.249, 6784, 10240
2026/09/09 13:40:28.449, 6784, 10240
2026/09/09 13:40:28.649, 6784, 10240
2026/09/09 13:40:28.849, 6784, 10240
2026/09/09 13:40:29.049, 6784, 10240
2026/09/09 13:40:29.249, 6784, 10240
2026/09/09 13:40:29.450, 6784, 10240
2026/09/09 13:40:29.650, 6784, 10240
2026/09/09 13:40:29.850, 6784, 10240
2026/09/09 13:40:30.050, 6784, 10240
2026/09/09 13:40:30.251, 6784, 10240
2026/09/09 13:40:30.451, 6784, 10240
2026/09/09 13:40:30.651, 6784, 10240
2026/09/09 13:40:30.851, 6784, 10240
2026/09/09 13:40:31.051, 6784, 10240
2026/09/09 13:40:31.252, 6784, 10240
2026/09/09 13:40:31.452, 6784, 10240
2026/09/09 13:40:31.652, 6784, 10240
2026/09/09 13:40:31.852, 6784, 10240
2026/09/09 13:40:32.052, 6784, 10240
2026/09/09 13:40:32.253, 6784, 10240
2026/09/09 13:40:32.453, 6784, 10240
2026/09/09 13:40:32.653, 6784, 10240
2026/09/09 13:40:32.853, 6784, 10240
2026/09/09 13:40:33.053, 6784, 10240
2026/09/09 13:40:33.253, 6784, 10240
2026/09/09 13:40:33.470, 6784, 10240
2026/09/09 13:40:33.670, 6784, 10240
2026/09/09 13:40:33.870, 6784, 10240
2026/09/09 13:40:34.070, 6784, 10240
2026/09/09 13:40:34.270, 6784, 10240
2026/09/09 13:40:34.471, 6784, 10240
2026/09/09 13:40:34.671, 6784, 10240
2026/09/09 13:40:34.871, 6784, 10240
2026/09/09 13:40:35.071, 6784, 10240
2026/09/09 13:40:35.271, 6784, 10240
2026/09/09 13:40:35.471, 6784, 10240
2026/09/09 13:40:35.672, 6784, 10240
2026/09/09 13:40:35.872, 6784, 10240
2026/09/09 13:40:36.072, 6784, 10240
2026/09/09 13:40:36.272, 6784, 10240
2026/09/09 13:40:36.472, 6784, 10240
2026/09/09 13:40:36.673, 6784, 10240
2026/09/09 13:40:36.873, 6784, 10240
2026/09/09 13:40:37.073, 6784, 10240
2026/09/09 13:40:37.273, 6784, 10240
2026/09/09 13:40:37.473, 6784, 10240
2026/09/09 13:40:37.674, 6784, 10240
2026/09/09 13:40:37.874, 6784, 10240
2026/09/09 13:40:38.074, 6784, 10240
2026/09/09 13:40:38.274, 6784, 10240
2026/09/09 13:40:38.474, 6784, 10240
2026/09/09 13:40:38.675, 6784, 10240
2026/09/09 13:40:38.875, 6784, 10240
2026/09/09 13:40:39.075, 6784, 10240
2026/09/09 13:40:39.275, 6784, 10240
2026/09/09 13:40:39.475, 6784, 10240
2026/09/09 13:40:39.675, 6784, 10240
